term,stem,count,sample_size,ratio,google_w2v_x,google_w2v_y
"african","african","460","1000","0.46","2.1139849804274244","-0.13024812997081953"
"violence","violenc","317","1000","0.317","-0.46136618616348224","1.5485750109362817"
"muslim","muslim","87","1000","0.087","1.6416955050643727","0.6567854359066699"
"sudan","sudan","78","1000","0.078","1.4528332223867932","0.24263879458361276"
"conflicts","conflict","70","1000","0.07","-0.428784890644556","0.6293614681438985"
"peacekeepers","peacekeep","69","1000","0.069","-0.06351136556822932","1.9788860299755762"
"nations","nation","66","1000","0.066","0.14647071748477972","0.4045631049531425"
"africa","africa","66","1000","0.066","2.3644490183390756","-0.04067043602338896"
"united","unit","64","1000","0.064","-0.041666183009928186","0.09836433841808612"
"rebel","rebel","62","1000","0.062","-0.09999156081195383","1.4150275481598629"
"congo","congo","60","1000","0.06","1.043944340635737","0.09575383321560434"
"christian","christian","60","1000","0.06","1.678024394814943","0.21308142616496203"
"armed","arm","59","1000","0.059","-0.2835056798996479","0.5824192953648036"
"children","children","56","1000","0.056","-0.2167613020664949","0.2352814546914334"
"bangui","bangui","48","1000","0.048","",""
"democratic","democrat","41","1000","0.041","0.09704070240566105","1.0856416097421568"
"french","french","40","1000","0.04","1.8117547966141365","-0.5591571987314397"
"militias","militia","36","1000","0.036","0.036896858479110575","2.0028079013407294"
"humanitarian","humanitarian","35","1000","0.035","-0.23750445447633034","1.1850018120431904"
"refugees","refuge","34","1000","0.034","-0.08759114822608947","1.3335963182113848"
"syria","syria","32","1000","0.032","1.5191805297740992","0.413691691551259"
"sectarian","sectarian","32","1000","0.032","-0.06546491308299633","1.3852471739652852"
"ethnic","ethnic","31","1000","0.031","-0.04432169810363349","0.8043604183573878"
"civilians","civilian","31","1000","0.031","-0.32351678324969635","1.6851255744933917"
"rape","rape","30","1000","0.03","-0.21587999089666973","0.797563949647463"
"displaced","displac","29","1000","0.029","-0.4739958601155585","0.565217766027681"
"france","franc","28","1000","0.028","2.2180817813800244","-0.3721293525137453"
"abuse","abus","26","1000","0.026","-0.3192492184602459","0.478246360929001"
"seleka","seleka","25","1000","0.025","",""
"somalia","somalia","23","1000","0.023","1.3051748343832623","0.5002346735204917"
"republic's","republ","23","1000","0.023","0.3732613154476763","0.8665485000397821"
"iraq","iraq","23","1000","0.023","2.190406994429498","0.44143981951051886"
"francis","franci","23","1000","0.023","1.425581007375263","-0.48250640535806033"
"crimes","crime","23","1000","0.023","-0.24526908013115026","1.1347619268585332"
"crisis","crisi","22","1000","0.022","-0.31269344483471695","0.4976851913398024"
"pope","pope","20","1000","0.02","0.002110822120128328","0.5339176511119821"
"flee","flee","19","1000","0.019","-0.47225967146175907","0.5889683256847471"
"nigeria","nigeria","18","1000","0.018","2.7680604599473457","0.22838810933430015"
"mali","mali","18","1000","0.018","1.2890916637801029","-0.05440319832640332"
"elections","elect","18","1000","0.018","-0.0802765017818793","1.0474011407496688"
"deployed","deploy","18","1000","0.018","-0.36346552360219947","-0.10069150975144964"
"soldiers","soldier","17","1000","0.017","-0.1682220634696882","0.9732721820730559"
"global","global","17","1000","0.017","-0.006162645503069256","-0.4747752572676411"
"crises","crise","16","1000","0.016","-0.24619492179641836","0.6206737331415448"
"cameroon","cameroon","16","1000","0.016","",""
"army","armi","16","1000","0.016","0.09704896477908431","0.9109558457133723"
"anti-balaka","anti-balaka","16","1000","0.016","",""
"afghanistan","afghanistan","16","1000","0.016","1.9158853430097689","0.5343943338635672"
"rwanda","rwanda","15","1000","0.015","",""
"leader","leader","15","1000","0.015","-0.37918871093421463","-0.21657942048843778"
"genocide","genocid","15","1000","0.015","0.12778168578534202","1.679576756906743"
"funding","fund","15","1000","0.015","-0.3978523287084822","-0.19131800701780405"
"european","european","15","1000","0.015","2.047348017804471","-0.5889170992759166"
"world's","world","14","1000","0.014","0.15787670416382438","-0.3717151696201629"
"western","western","14","1000","0.014","-0.06990123571421147","-0.07175614717803296"
"wars","war","14","1000","0.014","0.33318122350902385","0.5665644735088351"
"lra","lra","14","1000","0.014","",""
"chaos","chao","14","1000","0.014","-0.28658749464553823","0.6806084019673335"
"brutal","brutal","14","1000","0.014","-0.409992025871962","0.32175747898544743"
"ban","ban","14","1000","0.014","-0.34853465371448383","0.038523140204154635"
"america","america","14","1000","0.014","2.402862796324016","-0.373646855004887"
"allegations","alleg","14","1000","0.014","-0.7091429458763224","0.26561699859549404"
"unicef","unicef","13","1000","0.013","0.45716377008494435","-0.2116670354301677"
"reuters","reuter","13","1000","0.013","1.3485113279471077","-0.1514270153037663"
"perpetrated","perpetr","13","1000","0.013","-0.19053821557756487","0.2727660326865477"
"country's","countri","13","1000","0.013","0.7332089474100886","-0.11712271979601437"
"violent","violent","12","1000","0.012","-0.41453774804357096","0.6635325177972624"
"uganda","uganda","12","1000","0.012","0.8449485559353088","-0.054911887122068966"
"myanmar","myanmar","12","1000","0.012","0.6432914147887173","-0.06578695136348217"
"mosque","mosqu","12","1000","0.012","0.19980566207907807","0.7159070171150601"
"kony","koni","12","1000","0.012","",""
"eastern","eastern","12","1000","0.012","-0.06256442305598482","-0.03579643919481509"
"diamonds","diamond","12","1000","0.012","0.2819463169522817","0.050682616310978895"
"syrian","syrian","11","1000","0.011","0.85159762336974","0.09525547205754203"
"stability","stabil","11","1000","0.011","-0.32227248011403337","0.1035033618447981"
"restore","restor","11","1000","0.011","-0.43016237431798093","-0.45262833073565073"
"protesters","protest","11","1000","0.011","-0.26046073051767477","0.8418105545288944"
"minerals","miner","11","1000","0.011","0.11009140765415532","0.13426210202182887"
"independence","independ","11","1000","0.011","-0.008344897710635946","0.637602682861308"
"families","famili","11","1000","0.011","-0.33715182241448527","0.1507172451368527"
"american","american","11","1000","0.011","2.0687066468649546","-0.5372466305968138"
"victims","victim","10","1000","0.01","-0.34878633785389385","0.40390075904593553"
"reconciliation","reconcili","10","1000","0.01","-0.08075751742667092","0.9656191115597657"
"obama","obama","10","1000","0.01","2.6721092290680977","-0.08013635297053336"
"killings","kill","10","1000","0.01","-0.46529509248206685","1.5128994509631983"
"kenya","kenya","10","1000","0.01","1.7114308361886748","0.0502908832255163"
"erupted","erupt","10","1000","0.01","-0.641431588263298","-0.3085508706346029"
"darfur","darfur","10","1000","0.01","0.7151802978751441","0.17177442943728374"
"child","child","10","1000","0.01","-0.13833965783804203","0.21475947964708866"
"chad","chad","10","1000","0.01","1.5325351528917446","-0.17853909733816817"
"ap","ap","10","1000","0.01","1.3611974131937363","-0.7510015826558238"
"ukraine","ukrain","9","1000","0.009","0.9914907211904075","-0.20677574302790364"
"transitional","transit","9","1000","0.009","-0.3407644173470561","0.31696435627863373"
"republican","republican","9","1000","0.009","0.7408483628782502","0.5767010334365573"
"presidential","presidenti","9","1000","0.009","-0.03782196587822781","0.4042647023825563"
"photographer","photograph","9","1000","0.009","-0.0878752607168132","-0.06475965520628668"
"islamist","islamist","9","1000","0.009","1.0372480946708884","0.7587351905583701"
"instability","instabl","9","1000","0.009","-0.3726328865736393","0.6069333946994006"
"haram","haram","9","1000","0.009","0.9312371989572251","0.19791698018764492"
"fuel","fuel","9","1000","0.009","-0.28462363043480876","-0.1938723260082216"
"francois","francoi","9","1000","0.009","",""
"fighters","fighter","9","1000","0.009","0.061895288102921095","0.7617252305191831"
"economic","econom","9","1000","0.009","-0.22819643730047523","0.01605978530392577"
"boko","boko","9","1000","0.009","",""
"airport","airport","9","1000","0.009","-0.19502866050077522","0.08992516950362096"
"zone","zone","8","1000","0.008","-0.1285660753495755","-0.04124485611033466"
"violations","violat","8","1000","0.008","-0.5046802477937199","0.3686923623306397"
"terrorist","terrorist","8","1000","0.008","0.028342393854677798","1.2138471227443501"
"terrorism","terror","8","1000","0.008","0.010214848437687154","1.228124036067425"
"territory","territori","8","1000","0.008","-0.3403189170904512","0.0759305171774746"
"samba-panza","samba-panza","8","1000","0.008","",""
"resolve","resolv","8","1000","0.008","-0.5837603004991785","-0.15333620397042472"
"philippines","philippin","8","1000","0.008","1.9070063961703636","-0.15949660240548869"
"pakistan","pakistan","8","1000","0.008","2.312477383567741","0.38337322956893416"
"libya","libya","8","1000","0.008","1.648413216595415","0.6074691286336231"
"islamic","islam","8","1000","0.008","1.7906489331115913","0.38151508620601393"
"interim","interim","8","1000","0.008","-0.6130595237278023","0.011230198601039647"
"hunger","hunger","8","1000","0.008","-0.24041693333579062","0.4169657760914431"
"factions","faction","8","1000","0.008","-0.12257972058957928","1.1098113538854886"
"escalating","escal","8","1000","0.008","-0.544287492138086","-0.04856817377800885"
"education","educ","8","1000","0.008","-0.08141609497803964","-0.052681753956725516"
"descended","descend","8","1000","0.008","-0.2709200838239595","-0.5418376996211896"
"coup","coup","8","1000","0.008","-0.007831652442149529","0.6786630225219394"
"bozize","boziz","8","1000","0.008","",""
"yemen","yemen","7","1000","0.007","0.9042799588340583","0.08119192933504459"
"worldwide","worldwid","7","1000","0.007","-0.06952252956317735","-0.6134627927365885"
"vatican","vatican","7","1000","0.007","1.5283417676430449","0.14324223008159928"
"russia","russia","7","1000","0.007","2.2678802501859674","-0.011215219170923746"
"reporting","report","7","1000","0.007","-0.2501497491097182","-0.3331244057966161"
"ousted","oust","7","1000","0.007","-0.7008984281648025","-0.12049002834759895"
"ongoing","ongo","7","1000","0.007","-0.47988825263990137","-0.4665165668655062"
"intensified","intensifi","7","1000","0.007","-0.7034777307666477","-0.4532211453815543"
"insecurity","insecur","7","1000","0.007","-0.17815881687245844","0.9166571658359902"
"hospital","hospit","7","1000","0.007","-0.25682190189612175","0.010131957549050503"
"forgotten","forgotten","7","1000","0.007","-0.24763393593571134","-0.2237742207541966"
"extremist","extremist","7","1000","0.007","-0.07828942006317754","1.1813419361982496"
"el","el","7","1000","0.007","1.183574604884105","-0.3072972030562067"
"congolese","congoles","7","1000","0.007","",""
"collapse","collaps","7","1000","0.007","-0.4434004434758822","-0.06656884458117639"
"burundi","burundi","7","1000","0.007","",""
"atrocities","atroc","7","1000","0.007","-0.06691056325752658","1.7567808520127373"
"agreement","agreement","7","1000","0.007","-0.5174280521164437","-0.17728631281450838"
"weapons","weapon","6","1000","0.006","-0.27418864281559285","0.6206658214314527"
"triggered","trigger","6","1000","0.006","-0.5471272135896986","-0.7895174235630131"
"tens","ten","6","1000","0.006","-0.3152305069526812","-0.17352828013547344"
"sudanese","sudanes","6","1000","0.006","",""
"senegal","seneg","6","1000","0.006","",""
"sanctions","sanction","6","1000","0.006","-0.3393529697593924","0.8263281547027033"
"rohingya","rohingya","6","1000","0.006","",""
"rival","rival","6","1000","0.006","-0.45459403603996557","-0.3903240183748369"
"risks","risk","6","1000","0.006","-0.32183948636387616","-0.20229111513730075"
"raging","rage","6","1000","0.006","-0.1317235641206829","-0.24790628116846827"
"preventing","prevent","6","1000","0.006","-0.23553147113654485","-0.4707099151289844"
"partners","partner","6","1000","0.006","-0.34244314076410975","-0.4519333632085761"
"overthrew","overthrew","6","1000","0.006","-0.47879006375308114","0.23751466565762733"
"outbreak","outbreak","6","1000","0.006","-0.41911689576596617","0.551576115908189"
"marginalization","margin","6","1000","0.006","-0.0022356087229548267","1.0828279086148118"
"looting","loot","6","1000","0.006","-0.21161805408113465","1.108936119705297"
"insurgent","insurg","6","1000","0.006","-0.35430640876271513","1.4949622001654281"
"icc","icc","6","1000","0.006","0.9205399962461946","-0.16799258959275834"
"halt","halt","6","1000","0.006","-0.4643478356076448","-0.3263646152010207"
"god","god","6","1000","0.006","0.9152713445747287","-0.20205689091460352"
"djotodia","djotodia","6","1000","0.006","",""
"disarm","disarm","6","1000","0.006","-0.17358274559168352","1.1497196082733974"
"deaths","death","6","1000","0.006","-0.46455006807697774","0.7206370669971257"
"deadly","dead","6","1000","0.006","-0.33179247892329294","0.14933305743958114"
"criminal","crimin","6","1000","0.006","-0.4114139691336714","0.48610984769744514"
"conflict-related","conflict-rel","6","1000","0.006","",""
"cleansing","cleans","6","1000","0.006","-0.039338622638935956","0.017415972255427164"
"catholic","cathol","6","1000","0.006","0.8508118096137266","0.17578834091478648"
"catherine","catherin","6","1000","0.006","1.274804287369843","-0.4608672161452825"
"borders","border","6","1000","0.006","0.07018876656900719","0.37845810970879706"
"assault","assault","6","1000","0.006","-0.5741586374204976","0.40908500377596857"
"1,000","1,000","6","1000","0.006","",""
"worsens","worsen","5","1000","0.005","-0.44098671316707244","-0.4530923972873291"
"witnessed","wit","5","1000","0.005","-0.4169109320563728","-0.4001325574139762"
"war-torn","war-torn","5","1000","0.005","-0.041272601628485325","0.9259989636856392"
"ultimately","ultim","5","1000","0.005","-0.3670894985616704","-0.4601799724820973"
"toll","toll","5","1000","0.005","-0.4113952051924561","-0.31303972119267987"
"tensions","tension","5","1000","0.005","-0.7361068891610001","0.8587308546811566"
"targeted","target","5","1000","0.005","-0.4047811613826094","-0.49194273085841156"
"talks","talk","5","1000","0.005","-0.48555779061445453","0.06834634379247183"
"sustained","sustain","5","1000","0.005","-0.5569242932852184","-0.3555216926951004"
"survivors","survivor","5","1000","0.005","-0.3447196365327852","0.379476598457407"
"sub-saharan","sub-saharan","5","1000","0.005","",""
"strength","strength","5","1000","0.005","-0.27584637477282137","-0.5041194516154452"
"spokesman","spokesman","5","1000","0.005","-0.9262929109500468","-0.3411661254832277"
"spiral","spiral","5","1000","0.005","-0.3015752383864549","-0.14648247849049228"
"solutions","solut","5","1000","0.005","-0.19695371141634144","-0.3849843316594923"
"secretary-general","secretary-gener","5","1000","0.005","0.011942806844149058","0.04302941836072033"
"rocked","rock","5","1000","0.005","-0.4939277035723655","-0.6385173044598167"
"riek","riek","5","1000","0.005","",""
"researchers","research","5","1000","0.005","-0.2993837007609155","-0.2811109456234496"
"renewed","renew","5","1000","0.005","-0.6797278892330644","-0.46825960664675415"
"recruited","recruit","5","1000","0.005","-0.509856223517088","-0.4212464326375909"
"radical","radic","5","1000","0.005","-0.22716390346326415","0.1288099075896162"
"provoking","provok","5","1000","0.005","-0.33663084140752425","-0.1579562904524195"
"prosecuting","prosecut","5","1000","0.005","-0.324304786120917","0.19591415742838292"
"peter","peter","5","1000","0.005","0.9822631755783419","-0.5398733906004747"
"negotiate","negoti","5","1000","0.005","-0.4513546965748711","-0.24608491659958528"
"missions","mission","5","1000","0.005","-0.07230455814160622","0.31152409805213754"
"minister","minist","5","1000","0.005","-0.1606770310499294","0.3868264414952648"
"militant","milit","5","1000","0.005","-0.2717594605442294","1.352939172061996"
"migrants","migrant","5","1000","0.005","-0.06797349502029629","1.0924979827316437"
"michel","michel","5","1000","0.005","0.801855459805217","-0.335372537618765"
"mandate","mandat","5","1000","0.005","-0.2652295298971566","0.09408447938497756"
"machar","machar","5","1000","0.005","",""
"lasting","last","5","1000","0.005","-0.4190933182338889","-0.2970261371717472"
"ki-moon's","ki-moon","5","1000","0.005","",""
"jean-pierre","jean-pierr","5","1000","0.005","",""
"intervened","interven","5","1000","0.005","-0.47486551286566375","-0.0980140523512889"
"internally","intern","5","1000","0.005","-0.13918232783388546","-0.23545804034481788"
"institute","institut","5","1000","0.005","-0.2546608358568816","-0.26676572921341535"
"incidents","incid","5","1000","0.005","-0.5927618868977503","0.5651583167383879"
"implement","implement","5","1000","0.005","-0.3467495097718839","-0.3465854841861978"
"horrific","horrif","5","1000","0.005","-0.38457469626109214","0.32887885340054157"
"highlights","highlight","5","1000","0.005","-0.28097576818075304","-0.9426298562931599"
"haiti","haiti","5","1000","0.005","1.9636627695034434","-0.054617147553737096"
"guarantee","guarante","5","1000","0.005","-0.25182931218569543","-0.3841725964813665"
"focused","focus","5","1000","0.005","-0.5015183435275614","-0.7722089497576988"
"flare","flare","5","1000","0.005","-0.5312950698777219","-0.1049422828118599"
"famine","famin","5","1000","0.005","0.010508286429637116","0.9957438482496698"
"exploded","explod","5","1000","0.005","-0.44413938532097","-0.6126830980397809"
"ensure","ensur","5","1000","0.005","-0.34390772598450997","-0.3444510058332057"
"engulfed","engulf","5","1000","0.005","-0.6160717241084372","-0.46632862634314437"
"engage","engag","5","1000","0.005","-0.3733020690472439","-0.3155803051427526"
"embargo","embargo","5","1000","0.005","0.08158057960150449","0.7962602179500097"
"drc","drc","5","1000","0.005","",""
"disputes","disput","5","1000","0.005","-0.6395670830576212","0.14108046834336344"
"disasters","disast","5","1000","0.005","-0.11892849732583069","0.44175643759583694"
"diplomats","diplomat","5","1000","0.005","-0.2600572879155424","1.0054743322527917"
"creates","creat","5","1000","0.005","-0.3271346071953787","-1.1286056868483731"
"condemning","condemn","5","1000","0.005","-0.24192870438233555","0.07323521621267627"
"commit","commit","5","1000","0.005","-0.2951631814125163","-0.20487042595191132"
"commission","commiss","5","1000","0.005","-0.3063116334281202","-0.00693984641162819"
"campaign","campaign","5","1000","0.005","-0.3761838505553671","-0.04651731568323778"
"brink","brink","5","1000","0.005","-0.5362815810944169","-0.3657422559535501"
"blamed","blame","5","1000","0.005","-0.7338492358089977","-0.6033613661542654"
"bemba","bemba","5","1000","0.005","",""
"asia","asia","5","1000","0.005","2.2556318188495443","-0.2109082197526338"
"actors","actor","5","1000","0.005","-0.1781283784833885","0.26957215658233213"
"accountability","account","5","1000","0.005","-0.39699891196697656","0.34120217737985087"
"2,000","2,000","5","1000","0.005","",""
"withdrawal","withdraw","4","1000","0.004","-0.3506034457098347","0.30571591526568326"
"willingness","willing","4","1000","0.004","-0.49656290778203405","-0.27800108213060587"
"villages","villag","4","1000","0.004","0.12914799528406365","0.6622458938728014"
"urges","urg","4","1000","0.004","-0.20253544757407133","-0.6479155708839454"
"unprecedented","unpreced","4","1000","0.004","-0.6416933561379328","-0.45014194379201433"
"ugandan","ugandan","4","1000","0.004","",""
"threats","threat","4","1000","0.004","-0.39037179443047815","0.31901499929963356"
"southeast","southeast","4","1000","0.004","-0.19469996506174997","-0.2212430351767472"
"slavery","slaveri","4","1000","0.004","0.36781018848345837","0.9540074142040894"
"slaughtered","slaughter","4","1000","0.004","0.03252215377641769","0.45019638408374235"
"salva","salva","4","1000","0.004","",""
"sahel","sahel","4","1000","0.004","",""
"rwandan","rwandan","4","1000","0.004","",""
"russian","russian","4","1000","0.004","2.222121446708676","-0.5241751311869314"
"retaliations","retali","4","1000","0.004","-0.40947865439820225","1.023701553960092"
"resigned","resign","4","1000","0.004","-0.7134645037352698","-0.39993189300034393"
"reprisals","repris","4","1000","0.004","-0.50430744090783","1.338847630275675"
"reject","reject","4","1000","0.004","-0.3462759885357346","-0.29152819504464084"
"qaeda","qaeda","4","1000","0.004","0.16859933277485173","-0.1531180576315969"
"provinces","provinc","4","1000","0.004","0.010168160788637283","0.5462140946379206"
"populations","popul","4","1000","0.004","-0.08055975755246618","0.28937831018308763"
"poorest","poorest","4","1000","0.004","-0.38053101982458903","0.40609281443113104"
"persecution","persecut","4","1000","0.004","-0.14491098598363655","1.3812368871704508"
"peacebuilding","peacebuild","4","1000","0.004","0.040126809131890664","1.3530113586078878"
"northern","northern","4","1000","0.004","-0.21467172267558152","0.00220824385762266"
"minorities","minor","4","1000","0.004","-0.14756948229563394","0.4473629980972168"
"marred","mar","4","1000","0.004","-0.6796360444710459","-0.6464280888664997"
"loyal","loyal","4","1000","0.004","-0.3869722189367194","-0.14073263153460353"
"lepage","lepag","4","1000","0.004","",""
"kiir","kiir","4","1000","0.004","",""
"juba","juba","4","1000","0.004","0.1501761102748191","-0.02027106754479348"
"joseph","joseph","4","1000","0.004","1.9994020680457003","-0.5740091968151209"
"ivory","ivori","4","1000","0.004","0.3639685690248658","0.27882788979271134"
"invisible","invis","4","1000","0.004","-0.12673210090418924","-0.39619438051415784"
"integrated","integr","4","1000","0.004","-0.12960086447670852","-0.5328878650909192"
"guterres","guterr","4","1000","0.004","",""
"getty","getti","4","1000","0.004","0.4338537204302468","-0.41864390377900845"
"geneva","geneva","4","1000","0.004","0.7366678495365856","-0.4600945176677053"
"gender-based","gender-bas","4","1000","0.004","",""
"fragile","fragil","4","1000","0.004","-0.4203780429644905","-0.11964234787309111"
"explosion","explos","4","1000","0.004","-0.40560448256079606","0.10275103815475746"
"exploitation","exploit","4","1000","0.004","0.020715092411983327","0.2982676738758041"
"ex-seleka","ex-seleka","4","1000","0.004","",""
"europe","europ","4","1000","0.004","2.3671642695535597","-0.5325437288364532"
"ensuing","ensu","4","1000","0.004","-0.536398674630713","-0.4229599619807383"
"empowered","empow","4","1000","0.004","-0.06688724451219678","-0.20184010004322953"
"emerge","emerg","4","1000","0.004","-0.3121050688735247","-0.5847310757503217"
"egypt","egypt","4","1000","0.004","1.95567252440502","0.09505659461479288"
"documented","document","4","1000","0.004","-0.25492528707849793","-0.5866026386202282"
"dinka","dinka","4","1000","0.004","",""
"demonstrating","demonstr","4","1000","0.004","-0.2466862476028476","-0.6594330462127757"
"dakar","dakar","4","1000","0.004","",""
"corruption","corrupt","4","1000","0.004","-0.14123881779001987","0.820792782802188"
"convicted","convict","4","1000","0.004","-0.5442808122526295","0.23685201235412945"
"conflict-wracked","conflict-wrack","4","1000","0.004","",""
"conflict-torn","conflict-torn","4","1000","0.004","",""
"colombia","colombia","4","1000","0.004","1.1406659292098782","-0.3129999222032683"
"cnn","cnn","4","1000","0.004","1.7181490738701495","-0.26748186831748266"
"charity","chariti","4","1000","0.004","-0.12999628257745538","-0.1438400929693028"
"challenges","challeng","4","1000","0.004","-0.5859022305454675","-0.19187634308573767"
"chadian","chadian","4","1000","0.004","",""
"camps","camp","4","1000","0.004","-0.20311886004209348","0.4752650031664477"
"calling","call","4","1000","0.004","-0.0519647199249988","-0.47618291286557013"
"bout's","bout","4","1000","0.004","-0.24214194462167726","-0.08348233646727886"
"bloodshed","bloodsh","4","1000","0.004","-0.2521246577762609","1.8857582259283068"
"backlash","backlash","4","1000","0.004","-0.6810019392550171","0.23020244077319227"
"assembly","assembl","4","1000","0.004","-0.11774271575444735","0.04799433540146393"
"arab","arab","4","1000","0.004","1.8365643319890748","0.0846868711619703"
"analyst","analyst","4","1000","0.004","-0.506917171804157","-0.4428670066516899"
"ambassador","ambassador","4","1000","0.004","-0.43930606092279656","0.16619330824692244"
"alarming","alarm","4","1000","0.004","-0.5116173969190302","-0.12519378653861196"
"affiliated","affili","4","1000","0.004","-0.44380632244004353","-0.3278442767890002"
"accusations","accus","4","1000","0.004","-0.5792023001459033","0.3595399383777999"
"accord","accord","4","1000","0.004","-0.22810688905340326","0.331877987210447"
"6,000","6,000","4","1000","0.004","",""
"4.6","4.6","4","1000","0.004","",""
"100,000","100,000","4","1000","0.004","",""
"1,600","1,600","4","1000","0.004","",""
"witchcraft","witchcraft","3","1000","0.003","0.14776499031412713","0.8428518031855385"
"wfp","wfp","3","1000","0.003","",""
"wealth","wealth","3","1000","0.003","-0.15800809422480058","-0.10996313229117005"
"washington","washington","3","1000","0.003","2.3131549179679816","-0.3318879355214472"
"vulnerable","vulner","3","1000","0.003","-0.428841140564236","-0.3266923675635"
"venezuela","venezuela","3","1000","0.003","1.3141527088735552","-0.273193438110488"
"ushering","usher","3","1000","0.003","-0.22807604653881702","-0.5946156577813634"
"university","univers","3","1000","0.003","-0.18318625631213178","-0.07904361689530087"
"undermine","undermin","3","1000","0.003","-0.5880290522915076","-0.24287912361053424"
"uk","uk","3","1000","0.003","2.1628372773228626","-0.6590675776495738"
"tutsi","tutsi","3","1000","0.003","",""
"transform","transform","3","1000","0.003","-0.3731877718459528","-0.6842626989608488"
"tracking","track","3","1000","0.003","-0.21773117578996165","-0.6422840565154365"
"torture","tortur","3","1000","0.003","0.007988408529822905","1.1179555899576243"
"tear","tear","3","1000","0.003","-0.2591932359063797","-0.21894044110702032"
"systematic","systemat","3","1000","0.003","-0.2543526522893507","0.17034572908606077"
"swath","swath","3","1000","0.003","-0.37700575823482707","-0.22980748417731037"
"surges","surg","3","1000","0.003","-0.4307215398135704","-0.609304424521348"
"summit","summit","3","1000","0.003","-0.19286003072222332","0.13438524880004854"
"studies","studi","3","1000","0.003","-0.21552474434569205","-0.24715547239532384"
"sprawling","sprawl","3","1000","0.003","-0.5261837647490346","-0.33705413044860233"
"spillover","spillov","3","1000","0.003","-0.38176188034062525","0.17960132950803379"
"spark","spark","3","1000","0.003","-0.7270544635660675","-0.6378768920462088"
"soviet","soviet","3","1000","0.003","1.2983489325125064","0.26305873702589455"
"sierra","sierra","3","1000","0.003","1.2421208368867487","-0.22115318333461845"
"separatists","separatist","3","1000","0.003","0.18149292027298464","1.7613602641803094"
"seeks","seek","3","1000","0.003","-0.389822130722151","-0.7853257403386296"
"scores","score","3","1000","0.003","-0.2660225693132964","-0.28722693153344725"
"salvador","salvador","3","1000","0.003","",""
"revenge","reveng","3","1000","0.003","-0.5318814758816057","0.4928652406348021"
"resentment","resent","3","1000","0.003","-0.47851903674453056","0.5312861211559716"
"refuge","refug","3","1000","0.003","-0.29821391642245754","0.20354926676901322"
"reforms","reform","3","1000","0.003","-0.3800286877957052","0.6205061833253563"
"rebellion","rebellion","3","1000","0.003","-0.3377326004074493","1.2496669629280812"
"ranked","rank","3","1000","0.003","-0.39386085854710073","-0.6442788330762318"
"protracted","protract","3","1000","0.003","-0.5563450246716853","-0.15633933201244699"
"propane","propan","3","1000","0.003","-0.28007989711686987","-0.18155467806527148"
"prolonged","prolong","3","1000","0.003","-0.46243783104999653","-0.25589335458633417"
"presidency","presid","3","1000","0.003","-0.08140128491634657","0.5826686404382743"
"prepares","prepar","3","1000","0.003","-0.5535915364011545","-0.9288082366194372"
"potentially","potenti","3","1000","0.003","-0.4165233097431248","-0.5874216359572016"
"post-conflict","post-conflict","3","1000","0.003","-0.24832056657172916","0.6350515281120472"
"plunged","plung","3","1000","0.003","-0.5929348475557339","-0.7554742857118095"
"plight","plight","3","1000","0.003","-0.43702440497083717","0.3187547251098202"
"plagued","plagu","3","1000","0.003","-0.7822602866941238","-0.7873580477125531"
"pitting","pit","3","1000","0.003","-0.4557243319189676","-0.4380546993279657"
"pillage","pillag","3","1000","0.003","0.30119801310924427","0.29789033352627214"
"photojournalist","photojournalist","3","1000","0.003","-0.1845320759846215","0.37516185679979164"
"photo","photo","3","1000","0.003","0.060299433186019574","-0.46458332447180556"
"pentagon","pentagon","3","1000","0.003","1.115948764624758","0.044063000335667284"
"paris","pari","3","1000","0.003","2.032838830621916","-0.4780918604429534"
"palestinians","palestinian","3","1000","0.003","1.3719568752079148","1.0919373257178178"
"oxfam's","oxfam","3","1000","0.003","",""
"organization's","organ","3","1000","0.003","-0.23521965394357477","-0.029330136820859463"
"orange","orang","3","1000","0.003","0.06845025382809515","-0.42191685372162374"
"options","option","3","1000","0.003","-0.21274506740147214","-0.43820618263194905"
"oppose","oppos","3","1000","0.003","-0.4612116750417039","-0.14538065060924057"
"northwest","northwest","3","1000","0.003","-0.2667877584581268","-0.19705117773431746"
"niño","niño","3","1000","0.003","0.5464112752133482","-0.3136388789779368"
"niger","niger","3","1000","0.003","1.0225218635845361","-0.042965711544694286"
"misconduct","misconduct","3","1000","0.003","-0.598353035714343","0.35478894863900545"
"minusca","minusca","3","1000","0.003","",""
"mining","mine","3","1000","0.003","-0.04655999788910245","0.2024622027562882"
"massacres","massacr","3","1000","0.003","0.2139610811009174","1.6928539531895994"
"mandela","mandela","3","1000","0.003","",""
"malnutrition","malnutrit","3","1000","0.003","-0.1542702575390628","1.193484971380404"
"m23","m23","3","1000","0.003","",""
"lord's","lord","3","1000","0.003","0.4030085965110588","0.10872150735507378"
"london","london","3","1000","0.003","2.2807478019052203","-0.401514415239758"
"leone","leon","3","1000","0.003","0.45186522410201474","-0.27255234716809124"
"lawless","lawless","3","1000","0.003","-0.13532739638482263","1.0749838735373245"
"last-minute","last-minut","3","1000","0.003","-0.021686058107571196","-0.38799254607270633"
"kidnapped","kidnap","3","1000","0.003","-0.3620203680928112","0.6842450506015249"
"khartoum","khartoum","3","1000","0.003","",""
"kerry","kerri","3","1000","0.003","1.6620562544885584","-0.30223646280489674"
"jesus","jesus","3","1000","0.003","1.9563068238165897","-0.08143363126500916"
"israel","israel","3","1000","0.003","2.2605370069874415","0.4857602461919664"
"inter-religious","inter-religi","3","1000","0.003","-0.2999774876468125","0.849505789827736"
"inquiry","inquiri","3","1000","0.003","-0.5549508272436721","0.2502904967238641"
"indicators","indic","3","1000","0.003","-0.29866862705307273","-0.15260678973306235"
"india","india","3","1000","0.003","2.453251670794854","-0.34655531055947064"
"impunity","impun","3","1000","0.003","-0.07207170690601263","1.4364859889481871"
"improving","improv","3","1000","0.003","-0.5178579646398394","-0.6109403528838165"
"illicit","illicit","3","1000","0.003","-0.2823971362472174","0.20202455563161106"
"ideology","ideolog","3","1000","0.003","0.08780699712415815","0.6740140631345937"
"horror","horror","3","1000","0.003","-0.08997956951192228","0.14112851469696816"
"hollande","holland","3","1000","0.003","",""
"holy","holi","3","1000","0.003","0.4610362030102997","0.40816794857119815"
"headlines","headlin","3","1000","0.003","-0.18384536849275782","-0.35856595043732237"
"guardian","guardian","3","1000","0.003","0.0228708277542609","-0.031737967519823246"
"grim","grim","3","1000","0.003","-0.6027234770127046","-0.05108597451327428"
"grievances","grievanc","3","1000","0.003","-0.3570758337987799","0.7165158339921183"
"geographic","geograph","3","1000","0.003","-0.14443603985852468","-0.37213579147911363"
"gaza","gaza","3","1000","0.003","1.4709990183750778","0.4383027603234474"
"gate","gate","3","1000","0.003","-0.009486193971127389","-0.3208214896405002"
"foundation","foundat","3","1000","0.003","-0.3354364305915057","-0.42794958234084934"
"forcibly","forcibl","3","1000","0.003","-0.1069570671790043","0.5346576324969545"
"flag","flag","3","1000","0.003","-0.07060711296525539","-0.10803772002560441"
"faiths","faith","3","1000","0.003","-0.08226320111921334","0.7179034882790901"
"extremism","extrem","3","1000","0.003","0.05264861731589393","1.4266779859789085"
"exiles","exil","3","1000","0.003","-0.19369240022049505","0.8602990681254283"
"escaping","escap","3","1000","0.003","-0.34781912555532307","-0.1793839669695281"
"echoes","echo","3","1000","0.003","-0.6285441786394288","-0.5465482202486613"
"ebola","ebola","3","1000","0.003","0.6944471747749804","0.12085609291306702"
"drought","drought","3","1000","0.003","-0.44071920794952907","0.4061657867098312"
"doubled","doubl","3","1000","0.003","-0.6236085116639727","-0.8058032550831067"
"district","district","3","1000","0.003","-0.2829755525044204","-0.012146134592811966"
"dialogue","dialogu","3","1000","0.003","-0.32935070908859077","0.5790677755140516"
"devastated","devast","3","1000","0.003","-0.5177807061164871","-0.09126961139924607"
"deteriorating","deterior","3","1000","0.003","-0.565990517123686","-0.09856789525966665"
"destabilize","destabil","3","1000","0.003","-0.3928213005754637","0.7510080699346325"
"deepening","deepen","3","1000","0.003","-0.3816090370133817","-0.1886694510993719"
"criticized","critic","3","1000","0.003","-0.8367918270450145","-0.5105695657147865"
"crippling","crippl","3","1000","0.003","-0.41643064517144085","-0.3328665266767597"
"credible","credibl","3","1000","0.003","-0.2987435900290927","0.10184783145905263"
"coordinator","coordin","3","1000","0.003","-0.3760206275545379","-0.5246101350387348"
"commemorates","commemor","3","1000","0.003","-0.2678698699980875","-0.578877206123673"
"combatants","combat","3","1000","0.003","-0.11288355652689537","1.000844355527369"
"collaboration","collabor","3","1000","0.003","-0.43704626793392126","-0.2887097657468147"
"cohesion","cohes","3","1000","0.003","-0.20606622868491717","0.24997101951263756"
"coercion","coercion","3","1000","0.003","-0.24038051918598818","0.6732696776064139"
"coalition","coalit","3","1000","0.003","-0.3987458120956396","0.6087017260889372"
"climate","climat","3","1000","0.003","-0.0890190736034299","-0.01656483091786091"
"chronic","chronic","3","1000","0.003","-0.35885506137515133","-0.173467025815821"
"china","china","3","1000","0.003","1.0611912503566714","-0.405624764382466"
"charlottesville","charlottesvill","3","1000","0.003","",""
"centralized","central","3","1000","0.003","-0.09979862422353669","-0.235936978966787"
"celebrating","celebr","3","1000","0.003","-0.3953271292838177","-0.5972180205063278"
"ceasefire","ceasefir","3","1000","0.003","0.16136286941342518","2.3364734968964185"
"cease-fire","cease-fir","3","1000","0.003","0.16136286941342518","2.3364734968964185"
"cameroonian","cameroonian","3","1000","0.003","",""
"burma","burma","3","1000","0.003","0.5994328860669641","-0.15586802510542963"
"bouckaert","bouckaert","3","1000","0.003","",""
"bloody","bloodi","3","1000","0.003","0.032997376181326046","0.5152921296395438"
"blocking","block","3","1000","0.003","-0.18655332481044645","-0.4615454656383871"
"bashar","bashar","3","1000","0.003","",""
"barack","barack","3","1000","0.003","1.1042255805749435","-0.3694417359177437"
"bambari","bambari","3","1000","0.003","",""
"au","au","3","1000","0.003","1.173477011996041","-0.7229951672778936"
"attributable","attribut","3","1000","0.003","-0.2885257725486833","-0.8167346966969297"
"anti-government","anti-govern","3","1000","0.003","-0.19531361538736022","0.6645964752855726"
"anglophone","anglophon","3","1000","0.003","0.026213204108557885","0.265077401751548"
"aircraft","aircraft","3","1000","0.003","-0.18386025274542236","0.11022383023949132"
"agence","agenc","3","1000","0.003","0.2519560185485802","-0.32869705768155644"
"advocates","advoc","3","1000","0.003","-0.4463718474685743","-0.28082672808367126"
"accelerate","acceler","3","1000","0.003","-0.41686999737406377","-0.7453144831288443"
"900,000","900,000","3","1000","0.003","",""
"2.5","2.5","3","1000","0.003","",""
"yugoslavia","yugoslavia","2","1000","0.002","",""
"youth","youth","2","1000","0.002","-0.2169624700174116","0.06650901649304597"
"wrought","wrought","2","1000","0.002","-0.19740369595122945","-0.6132816344475588"
"wracked","wrack","2","1000","0.002","-0.5604349844899138","-0.21740086356430297"
"wider","wider","2","1000","0.002","-0.3399892648676714","-0.42596638070333065"
"website","websit","2","1000","0.002","0.15349797492363498","-0.6126526426957977"
"washington-based","washington-bas","2","1000","0.002","",""
"warn","warn","2","1000","0.002","-0.3319146289042581","-0.36081974630642616"
"wagner","wagner","2","1000","0.002","0.965487028965775","-0.4702995461952319"
"vows","vow","2","1000","0.002","-0.1798383723338456","-0.3067484247908364"
"virus","virus","2","1000","0.002","-0.10040318079460088","0.08206836878185571"
"virginia","virginia","2","1000","0.002","1.8894206100138684","-0.7197547383859547"
"vircoulon","vircoulon","2","1000","0.002","",""
"ventured","ventur","2","1000","0.002","-0.37777614542832905","-0.5619624888701024"
"valentines","valentin","2","1000","0.002","0.3264389568998089","-0.18338801991108994"
"urgently","urgent","2","1000","0.002","-0.1412988655292629","0.18875731077006794"
"uranium","uranium","2","1000","0.002","0.016629659217940938","0.45951952366825793"
"uprising","upris","2","1000","0.002","-0.37229051201646013","1.302504240335587"
"untold","untold","2","1000","0.002","-0.15849571418672473","-0.1790433983685145"
"unleashed","unleash","2","1000","0.002","-0.35667461930030525","-0.6085784709016657"
"union-united","union-unit","2","1000","0.002","",""
"union-led","union-l","2","1000","0.002","",""
"unified","unifi","2","1000","0.002","-0.2179189039005902","-0.16693800219288726"
"undertaking","undertak","2","1000","0.002","-0.44218119383546106","-0.357956670589115"
"underfunded","underfund","2","1000","0.002","-0.6057350148080081","-0.1835482034018045"
"unanimously","unanim","2","1000","0.002","-0.4258369537349625","-0.3312347036047456"
"umbrella","umbrella","2","1000","0.002","-0.1347394043931324","-0.2960725788437319"
"traveling","travel","2","1000","0.002","-0.3447272326572318","-0.30666067633971955"
"trapped","trap","2","1000","0.002","-0.3283757796336842","-0.10861621029985971"
"transport","transport","2","1000","0.002","-0.007231380177198263","-0.1047699193452386"
"trafficking","traffick","2","1000","0.002","-0.26943775504444767","0.7142206451695603"
"tracker","tracker","2","1000","0.002","0.2083189565141375","-0.6787476944635142"
"touadera's","touadera","2","1000","0.002","",""
"toppled","toppl","2","1000","0.002","-0.5954941952955052","-0.29449196153884455"
"tit-for-tat","tit-for-tat","2","1000","0.002","",""
"thomson","thomson","2","1000","0.002","1.232425675895816","-0.49103498999856887"
"thierry","thierri","2","1000","0.002","",""
"theft","theft","2","1000","0.002","-0.2751008376659979","-0.002410765884625459"
"termination","termin","2","1000","0.002","-0.4204579161299757","-0.3944475934315127"
"tense","tens","2","1000","0.002","-0.6803085272195856","0.20722795489010873"
"teamed","team","2","1000","0.002","-0.6512507329947368","-0.9724614476450832"
"tarpaulins","tarpaulin","2","1000","0.002","0.0325457772682972","0.49174076008415185"
"tanzania","tanzania","2","1000","0.002","",""
"tank","tank","2","1000","0.002","-0.08115775516972791","-0.16204762972160489"
"tally","talli","2","1000","0.002","-0.4479700106308218","-0.18157328067699002"
"séléka","séléka","2","1000","0.002","",""
"swiftly","swift","2","1000","0.002","-0.37466946864121675","-0.13704419061988388"
"swallowing","swallow","2","1000","0.002","-0.1840651695982878","-0.5611432829195474"
"suspects","suspect","2","1000","0.002","-0.4109337084220236","0.46613718985517816"
"surrounding","surround","2","1000","0.002","-0.5779410611090091","-0.6111821256633151"
"surpassed","surpass","2","1000","0.002","-0.6340315730040208","-0.9266933391680797"
"supporters","support","2","1000","0.002","-0.42445202380383745","0.08436275986396577"
"sunday's","sunday","2","1000","0.002","1.273949616970713","-0.2556894654387034"
"subgroup","subgroup","2","1000","0.002","-0.0851825822555021","-0.21708571596971565"
"struggled","struggl","2","1000","0.002","-0.8729853143115187","-0.6428586602954323"
"strengthening","strengthen","2","1000","0.002","-0.35416998246690806","-0.41513064850114717"
"stopping","stop","2","1000","0.002","-0.19297062997729977","-0.4336150575271116"
"stoked","stoke","2","1000","0.002","-0.3021282804353959","-0.7999347877440514"
"stationed","station","2","1000","0.002","-0.4104451121818824","0.054482628342341036"
"spurred","spur","2","1000","0.002","-0.6647125232979","-1.028115012489184"
"spreading","spread","2","1000","0.002","-0.12487051897533465","-0.4590555264136789"
"spill","spill","2","1000","0.002","-0.2337005318586232","0.15773717606414306"
"southwest","southwest","2","1000","0.002","-0.19593285745407166","-0.2754848902649227"
"southern","southern","2","1000","0.002","-0.23753511784795134","0.05078473472413214"
"somali","somali","2","1000","0.002","0.9999044249038875","0.3551930665228972"
"solidarity","solidar","2","1000","0.002","-0.13466152954243102","0.5626504311834929"
"sleeping","sleep","2","1000","0.002","-0.20893565621400714","-0.01862102808376501"
"significantly","signific","2","1000","0.002","-0.28954416876462047","-0.5878770530250675"
"sickness","sick","2","1000","0.002","0.13702671330803473","-0.01683889338449079"
"shortages","shortag","2","1000","0.002","-0.5812433648357537","0.4268235347674133"
"shocking","shock","2","1000","0.002","-0.3827331905158026","-0.18654646691049515"
"shattered","shatter","2","1000","0.002","-0.43179320253448955","-0.4215032676491558"
"shacks","shack","2","1000","0.002","0.08390231297631644","0.3598951746031315"
"severely","sever","2","1000","0.002","-0.3879129313167544","-0.28227409535874837"
"setback","setback","2","1000","0.002","-0.8560277180373956","-0.29619201351786284"
"sentences","sentenc","2","1000","0.002","-0.2405182626547645","0.7187446651439505"
"saint","saint","2","1000","0.002","0.4167683780720582","0.37484426984754304"
"safeguard","safeguard","2","1000","0.002","-0.35792392980816423","-0.2822551304640892"
"runoff","runoff","2","1000","0.002","-0.5139004517991059","0.5738539182890563"
"ronan","ronan","2","1000","0.002","",""
"robin","robin","2","1000","0.002","0.7661563224736899","-0.34830893260839363"
"reversed","revers","2","1000","0.002","-0.4944495574522904","-0.6930218729524835"
"retains","retain","2","1000","0.002","-0.48171374372307185","-0.9460344973403575"
"resumption","resumpt","2","1000","0.002","-0.296924655423274","0.16302765983178297"
"respected","respect","2","1000","0.002","-0.30083047468078594","-0.44818110995680593"
"resettle","resettl","2","1000","0.002","-0.32087613380308566","1.0110393130053232"
"rescue","rescu","2","1000","0.002","-0.21413355773036102","-0.010813298802306593"
"requesting","request","2","1000","0.002","-0.32141863882308214","-0.5285403504364716"
"repressed","repress","2","1000","0.002","-0.12306870711810254","0.18213303623334873"
"repeating","repeat","2","1000","0.002","-0.28849778827339445","-0.2875285016274453"
"reluctant","reluct","2","1000","0.002","-0.6626527717049028","-0.36608036297965496"
"reignited","reignit","2","1000","0.002","-0.6377683880024533","-0.9233133447697022"
"refuse","refus","2","1000","0.002","-0.11765789821625135","-0.20060886736655112"
"rallies","ralli","2","1000","0.002","-0.3549538754359811","0.2880338677031136"
"rakhine","rakhin","2","1000","0.002","",""
"rainfall","rainfal","2","1000","0.002","-0.37426096408059023","0.667052193686084"
"quell","quell","2","1000","0.002","-0.6712917427228635","-0.18855082356748368"
"protecting","protect","2","1000","0.002","-0.3367204471394872","-0.3801367673713454"
"prosecutor","prosecutor","2","1000","0.002","-0.3903626874894983","0.4828683239452444"
"prompting","prompt","2","1000","0.002","-0.5215877959531464","-0.6944672729926438"
"programme","programm","2","1000","0.002","",""
"professor","professor","2","1000","0.002","-0.36033752890776777","-0.24490406274681484"
"prince","princ","2","1000","0.002","0.19089405648123955","0.06435960811216826"
"predominantly","predomin","2","1000","0.002","-0.29635950815277406","-0.4086568544428805"
"postponed","postpon","2","1000","0.002","-0.5036228712323804","-0.6784303945083512"
"postings","post","2","1000","0.002","-0.08028999050395164","0.04473984796760857"
"posed","pose","2","1000","0.002","-0.5127515027600528","-0.5986908371200839"
"portrayed","portray","2","1000","0.002","-0.5684655399591264","-0.45699069134104137"
"pontiff","pontiff","2","1000","0.002","0.005986908011160687","0.4903563233542907"
"polling","poll","2","1000","0.002","-0.2286516757940111","0.5040743415342112"
"pk5","pk5","2","1000","0.002","",""
"pilgrimage","pilgrimag","2","1000","0.002","-0.27096798344246653","0.3119186119029729"
"photography","photographi","2","1000","0.002","0.02375201616521884","-0.4261702877219719"
"perceived","perceiv","2","1000","0.002","-0.32764325560791774","-0.45044729921708154"
"peak","peak","2","1000","0.002","-0.2772368779656113","-0.5393413358394011"
"peace-keeping","peace-keep","2","1000","0.002","0.05031815999822634","1.4700003236340597"
"peacefully","peac","2","1000","0.002","0.03106418819662145","0.8089552585703549"
"participating","particip","2","1000","0.002","-0.3291985103287043","-0.4514287111244083"
"parliamentary","parliamentari","2","1000","0.002","-0.082895777540044","0.6740689076214771"
"parliament","parliament","2","1000","0.002","0.096277726196104","0.8687066704679582"
"park","park","2","1000","0.002","-0.2109453475926899","-0.26333099915700264"
"pandemic","pandem","2","1000","0.002","-0.15284052855192454","0.7575693533297451"
"palace","palac","2","1000","0.002","0.22457705632019434","0.2652704627267528"
"pact","pact","2","1000","0.002","-0.3129578766427151","0.16584682132263787"
"overwhelmingly","overwhelm","2","1000","0.002","-0.427764382432452","-0.28500428673202144"
"overthrow","overthrow","2","1000","0.002","-0.2020840441855047","0.9629060199382121"
"oversees","overse","2","1000","0.002","-0.7374579323310834","-0.8295431467475399"
"overlooked","overlook","2","1000","0.002","-0.5171045872546132","-0.738525418216998"
"outrage","outrag","2","1000","0.002","-0.49431407305485114","0.4669852897124474"
"outburst","outburst","2","1000","0.002","-0.6151386026445335","0.23672464710521934"
"ouster","ouster","2","1000","0.002","-0.7497974114625258","0.33280897771563706"
"otago","otago","2","1000","0.002","",""
"orphaned","orphan","2","1000","0.002","-0.1121249276251101","0.30455075226947276"
"origins","origin","2","1000","0.002","0.029435378868954042","-0.35277713513259706"
"ordinary","ordinari","2","1000","0.002","-0.03250705432510197","-0.20591253096367576"
"oppression","oppress","2","1000","0.002","0.12105779161346701","1.1254171214257631"
"opinions","opinion","2","1000","0.002","-0.10289404105440353","-0.10384720956923921"
"online","onlin","2","1000","0.002","0.21387464063569434","-0.5444456788906527"
"olympics","olymp","2","1000","0.002","1.5826218314113591","-0.4650965224408769"
"offenses","offens","2","1000","0.002","-0.3631645054318857","0.5135382306066525"
"obo","obo","2","1000","0.002","0.977756300406165","-0.6138981572580735"
"nuer","nuer","2","1000","0.002","",""
"nuances","nuanc","2","1000","0.002","-0.29734022481097194","-0.35417029355348306"
"north-central","north-centr","2","1000","0.002","-0.29005299964748615","-0.0015915976565390808"
"nonprofit","nonprofit","2","1000","0.002","-0.4664010483084261","-0.3076108094371929"
"non-violence","non-viol","2","1000","0.002","-0.2513818670329223","0.9296972378884447"
"nina","nina","2","1000","0.002","1.2840710865292366","-0.5536786200272324"
"nigerian","nigerian","2","1000","0.002","1.9684575856516409","0.09766629924257442"
"nelson","nelson","2","1000","0.002","1.0156580815166079","-0.18470648838928722"
"neglect","neglect","2","1000","0.002","-0.4117681972071717","0.41081320528335324"
"nato","nato","2","1000","0.002","1.55235916607769","0.42340712188668883"
"nationwide","nationwid","2","1000","0.002","-0.37575615130629547","-0.38285589353060584"
"nathalia","nathalia","2","1000","0.002","",""
"muslim-christian","muslim-christian","2","1000","0.002","",""
"moussa","moussa","2","1000","0.002","",""
"monitoring","monitor","2","1000","0.002","-0.3837389924545125","-0.34918651660440897"
"moments","moment","2","1000","0.002","-0.45191445297382954","-0.2042475790885535"
"mohamed","moham","2","1000","0.002","0.6732055248089709","-0.2285498038301392"
"mogadishu","mogadishu","2","1000","0.002","",""
"mlc","mlc","2","1000","0.002","0.35030742415129407","-0.5252447272588108"
"misenga's","misenga","2","1000","0.002","",""
"mineral-rich","mineral-rich","2","1000","0.002","",""
"mid","mid","2","1000","0.002","-0.20631752397703224","-0.51717513943422"
"mexico","mexico","2","1000","0.002","2.5680397546215987","-0.4344003998165416"
"memories","memori","2","1000","0.002","-0.43520832149169103","-0.08296961319156192"
"marking","mark","2","1000","0.002","-0.38098356712580944","-0.6057258079380061"
"marching","march","2","1000","0.002","-0.21602858925692633","-0.0610765707488131"
"malian","malian","2","1000","0.002","",""
"maimed","maim","2","1000","0.002","0.0429720094966959","0.7265602611585468"
"mahamat","mahamat","2","1000","0.002","",""
"mabika","mabika","2","1000","0.002","",""
"low-level","low-level","2","1000","0.002","",""
"long-simmering","long-simm","2","1000","0.002","",""
"lion's","lion","2","1000","0.002","0.17798015219052749","0.11156078916659565"
"linked","link","2","1000","0.002","-0.430336501914461","-0.7581187192037855"
"lingered","linger","2","1000","0.002","-0.7391663411039343","-0.65243271162056"
"liberia","liberia","2","1000","0.002","",""
"liberation","liber","2","1000","0.002","0.32125790224039097","0.903548497072242"
"lesser","lesser","2","1000","0.002","-0.19036389239498677","-0.30609788770675894"
"lederer","leder","2","1000","0.002","",""
"lebanon","lebanon","2","1000","0.002","1.8196695512581231","0.34126662022593235"
"lawmaker","lawmak","2","1000","0.002","-0.3434985032654382","0.35692083652381756"
"launch","launch","2","1000","0.002","-0.16635854589659377","-0.6056305520400919"
"lanzer","lanzer","2","1000","0.002","",""
"landlocked","landlock","2","1000","0.002","-0.28678978325070026","0.11282550389962183"
"kurdish","kurdish","2","1000","0.002","0.5935634439944307","0.32058375779749293"
"korea","korea","2","1000","0.002","1.916642888766998","-0.33961107396718415"
"kenyan","kenyan","2","1000","0.002","0.7348514858105096","0.031831003483362035"
"kashmir","kashmir","2","1000","0.002","1.749182101396702","0.734152329716995"
"kaga-bandoro","kaga-bandoro","2","1000","0.002","",""
"judge","judg","2","1000","0.002","-0.32827560711605164","-0.07245813911496304"
"journalists","journalist","2","1000","0.002","-0.050787253080780935","0.5499074367827439"
"jordan","jordan","2","1000","0.002","2.2514387564487124","-0.45178006600227066"
"japan","japan","2","1000","0.002","2.3374037041489104","-0.39449621051004796"
"james","jame","2","1000","0.002","2.032339679032322","-0.698573101785934"
"israelis","isra","2","1000","0.002","0.9635431690606094","0.5549784682648968"
"irc","irc","2","1000","0.002","1.228049886426408","-0.5101431428306807"
"investing","invest","2","1000","0.002","-0.25365058200728446","-0.3345338855491062"
"invasion","invas","2","1000","0.002","-0.05061007577733653","0.751402973483986"
"intimidation","intimid","2","1000","0.002","-0.46369987870859264","0.8298043312423645"
"inspiring","inspir","2","1000","0.002","-0.3523919154926554","-0.5124975668092702"
"insisting","insist","2","1000","0.002","-0.2748295547037971","-0.224487971745533"
"inflicting","inflict","2","1000","0.002","-0.39519792851919266","-0.14183238918671118"
"infamously","infam","2","1000","0.002","-0.17228260228867695","-0.3018267505784003"
"inequality","inequ","2","1000","0.002","-0.16580980333736936","0.7154446236355727"
"ineffective","ineffect","2","1000","0.002","-0.3182380679290902","-0.1900427188367849"
"indonesia","indonesia","2","1000","0.002","1.7513490131021219","-0.2571211761817893"
"impose","impos","2","1000","0.002","-0.37999160417638495","-0.19177017737249402"
"illegal","illeg","2","1000","0.002","-0.1607113946921885","0.1294803138402947"
"ii","ii","2","1000","0.002","0.5317306966488633","-0.5349427039687522"
"idp","idp","2","1000","0.002","",""
"hutu","hutu","2","1000","0.002","",""
"huffington","huffington","2","1000","0.002","",""
"honduras","hondura","2","1000","0.002","",""
"homeless","homeless","2","1000","0.002","-0.2081113463892596","0.4202049082156754"
"hides","hide","2","1000","0.002","0.16133801484421736","-0.5949962969141168"
"hammond","hammond","2","1000","0.002","0.7404747772131325","-0.6669450731259388"
"hail","hail","2","1000","0.002","-0.13660040710723895","-0.2197602927912216"
"hague","hagu","2","1000","0.002","",""
"gunfire","gunfir","2","1000","0.002","-0.5600843935425698","0.9791664494433922"
"guatemala","guatemala","2","1000","0.002","",""
"guarded","guard","2","1000","0.002","-0.4616486642427322","-0.2432074149104366"
"group's","group","2","1000","0.002","-0.2928930598712027","0.05570283130112063"
"governance","govern","2","1000","0.002","-0.012095067425750044","0.33141523473338436"
"gombo","gombo","2","1000","0.002","",""
"globe","globe","2","1000","0.002","0.10611270054655794","-0.4753480543642593"
"glimpse","glimps","2","1000","0.002","-0.4670089492482524","-0.6025378116520073"
"gangs","gang","2","1000","0.002","-0.08359846447810351","1.0724708459958163"
"full-scale","full-scal","2","1000","0.002","-0.3163847723052313","-0.14475344565146245"
"freelance","freelanc","2","1000","0.002","-0.04563801108728617","-0.1518923766215092"
"france-presse","france-press","2","1000","0.002","",""
"forged","forg","2","1000","0.002","-0.46499586081320343","-0.6257267536749088"
"first-hand","first-hand","2","1000","0.002","-0.530614060249652","-0.38689297830952524"
"firefight","firefight","2","1000","0.002","-0.4724831138882899","0.8554954103235902"
"feared","fear","2","1000","0.002","-0.7121527181969777","-0.2035965151622111"
"fatalities","fatal","2","1000","0.002","-0.462546463710444","0.7265598768807756"
"failing","fail","2","1000","0.002","-0.5178758909347735","-0.36420491649354275"
"externally","extern","2","1000","0.002","0.10398257578547151","-0.16504200470044192"
"extends","extend","2","1000","0.002","-0.3413552255965087","-1.1894844106130862"
"expresses","express","2","1000","0.002","-0.23949680597646303","-0.6633367441940651"
"exposes","expos","2","1000","0.002","-0.12363747482510483","-0.9172967757402454"
"expels","expel","2","1000","0.002","-0.18961965655357668","-0.22920700899404703"
"evacuation","evacu","2","1000","0.002","-0.4900922619835975","0.6971496915464558"
"ethiopia","ethiopia","2","1000","0.002","1.3784459368199184","0.12373000283219558"
"eritrea","eritrea","2","1000","0.002","",""
"epidemic","epidem","2","1000","0.002","-0.18669255853637226","0.5518300552640946"
"environmental","environment","2","1000","0.002","-0.3017624307579795","-0.24380434993087852"
"enduring","endur","2","1000","0.002","-0.6746984146097986","-0.5322272062135084"
"endemic","endem","2","1000","0.002","-0.1537975562044688","0.03547546592066377"
"empires","empir","2","1000","0.002","0.42407369077686274","0.43459405117306316"
"electoral","elector","2","1000","0.002","-0.050846776068451296","0.9076950198215523"
"egyptian","egyptian","2","1000","0.002","1.1918366876414366","-0.059662169574359554"
"edith","edith","2","1000","0.002","",""
"ecuador","ecuador","2","1000","0.002","0.7374630709447373","-0.41267329539162084"
"ebbed","eb","2","1000","0.002","-0.7110462450504946","-0.519040447981178"
"dukhan","dukhan","2","1000","0.002","",""
"dramatically","dramat","2","1000","0.002","-0.4312474540544995","-0.5303633673892799"
"dozens","dozen","2","1000","0.002","-0.3816629888562364","-0.23217492478932994"
"djibouti","djibouti","2","1000","0.002","",""
"disrupted","disrupt","2","1000","0.002","-0.6324299923530727","-0.5443536186181507"
"dispersed","dispers","2","1000","0.002","-0.23581433635767535","-0.20236726422346973"
"disintegrated","disintegr","2","1000","0.002","-0.5404118790121609","-0.4280619045687093"
"discrimination","discrimin","2","1000","0.002","-0.32333554535363107","0.6545457920622665"
"disappearing","disappear","2","1000","0.002","-0.2888746754096509","-0.5094316336519552"
"destroying","destroy","2","1000","0.002","-0.14878965827114074","-0.2509369189811593"
"describing","describ","2","1000","0.002","-0.29865861710073194","-0.6133798034892758"
"deputy","deputi","2","1000","0.002","-0.2962668069859791","-0.152879686010952"
"deposed","depos","2","1000","0.002","-0.24126049611774447","0.2108515023049106"
"degrade","degrad","2","1000","0.002","-0.03988625550866965","-0.4263050096394591"
"defines","defin","2","1000","0.002","-0.16989496832071996","-0.9548674609371877"
"deemed","deem","2","1000","0.002","-0.346216833619327","-0.603160625562287"
"declined","declin","2","1000","0.002","-0.8678847223671224","-0.5879065700780237"
"decimated","decim","2","1000","0.002","-0.4280623556839481","-0.5701480741815363"
"deals","deal","2","1000","0.002","-0.16517165015375246","-0.3852847497261875"
"deadliest","deadliest","2","1000","0.002","-0.5472583976808044","0.5294862602796727"
"dangers","danger","2","1000","0.002","-0.3215888754645904","0.031983559423689016"
"daesh","daesh","2","1000","0.002","",""
"czech","czech","2","1000","0.002","0.8588091879422621","-0.5209007165028878"
"curfew","curfew","2","1000","0.002","-0.33937134695616306","1.1703473639126416"
"crossfire","crossfir","2","1000","0.002","-0.566638655088513","0.5577753335327184"
"crops","crop","2","1000","0.002","-0.18458983625059386","0.27133587817880855"
"counts","count","2","1000","0.002","-0.36487088074523416","-0.45132977333512125"
"council's","council","2","1000","0.002","-0.08654701385698732","0.313180115933861"
"convoy","convoy","2","1000","0.002","-0.3604486701599469","0.6419364530684553"
"contributing","contribut","2","1000","0.002","-0.3107328934339565","-0.711935993191893"
"contingents","conting","2","1000","0.002","-0.16383979495012294","0.47880764800084247"
"consume","consum","2","1000","0.002","-0.14577951158951546","-0.44639548145268043"
"consultancy","consult","2","1000","0.002","-0.19339283093879767","-0.46862702855740435"
"consolidation","consolid","2","1000","0.002","-0.19547209019330497","-0.09999934539703119"
"considers","consid","2","1000","0.002","-0.5675060100808085","-0.819465103811088"
"conservation","conserv","2","1000","0.002","-0.17426797670541702","-0.030706701293469734"
"confluence","confluenc","2","1000","0.002","-0.26371680417124777","-0.43348953474829127"
"conflict-ravaged","conflict-ravag","2","1000","0.002","",""
"conflict-free","conflict-fre","2","1000","0.002","",""
"confidential","confidenti","2","1000","0.002","-0.4193286029244245","-0.17519100722269007"
"communal","communal","2","1000","0.002","0.0429938265670157","0.47503152775750607"
"coexisted","coexist","2","1000","0.002","-0.40469656863354475","-0.30145378746490714"
"clinton","clinton","2","1000","0.002","2.2587254982902176","-0.11806645249501682"
"clashes","clash","2","1000","0.002","-0.5548064145927392","0.9725733813522118"
"city's","citi","2","1000","0.002","0.456452115544511","-0.49731529701144406"
"church's","church","2","1000","0.002","0.44027837321317276","0.13660869763840247"
"chip","chip","2","1000","0.002","-0.0030783401962965495","-0.5380587432784611"
"chinese","chines","2","1000","0.002","2.087529358975078","-0.5165664824586741"
"chapter","chapter","2","1000","0.002","-0.33906501043411325","-0.23782108870110097"
"carnage","carnag","2","1000","0.002","-0.23990469998633004","0.8668846198659579"
"cardboard","cardboard","2","1000","0.002","0.05459372093599265","-0.23062857228460074"
"capture","captur","2","1000","0.002","-0.3628048191497185","-0.39908710791730284"
"capitals","capit","2","1000","0.002","0.33744200050824796","0.2616046997336383"
"cancel","cancel","2","1000","0.002","-0.24019574742133032","-0.6673957095599816"
"camille","camill","2","1000","0.002","",""
"cairo's","cairo","2","1000","0.002","",""
"cabinet","cabinet","2","1000","0.002","0.023621997158232842","0.14471315647020402"
"buddhists","buddhist","2","1000","0.002","0.8949237851189202","0.5368773967943559"
"brothers","brother","2","1000","0.002","-0.1949324947977642","0.08655827007175085"
"broader","broader","2","1000","0.002","-0.4762555215561207","-0.37260050140811934"
"brigade","brigad","2","1000","0.002","0.09914999983482826","0.2423472995781309"
"breaks","break","2","1000","0.002","-0.25519764198751965","-0.510367619636896"
"bozizé's","bozizé","2","1000","0.002","",""
"bossangoa","bossangoa","2","1000","0.002","",""
"boost","boost","2","1000","0.002","-0.5803050876611789","-0.895035197459016"
"bloodbath","bloodbath","2","1000","0.002","-0.29008371856390464","0.9990792445380055"
"blogs","blog","2","1000","0.002","0.26965436869485443","-0.1669240436345417"
"berman","berman","2","1000","0.002","0.6701888362968459","-0.3715682689881137"
"benue","benu","2","1000","0.002","",""
"believers","believ","2","1000","0.002","-0.02596216131996831","0.17080776935266226"
"belgium","belgium","2","1000","0.002","1.0699428469889067","-0.4707782324386659"
"beijing's","beij","2","1000","0.002","",""
"begets","beget","2","1000","0.002","-0.039845689643999704","-0.6947993837448189"
"bayanga","bayanga","2","1000","0.002","",""
"bangladesh","bangladesh","2","1000","0.002","1.6427124879658999","0.0692470341251076"
"ballot","ballot","2","1000","0.002","-0.4872016582776778","0.22491342235554768"
"authorizing","author","2","1000","0.002","-0.14526117206580935","-0.3629176371055948"
"attacking","attack","2","1000","0.002","-0.19318344541323262","-0.05487690632089702"
"assets","asset","2","1000","0.002","-0.2826696657069893","-0.08842648242024237"
"assert","assert","2","1000","0.002","-0.3480518745868954","-0.20394827095911738"
"assad's","assad","2","1000","0.002","",""
"arrives","arriv","2","1000","0.002","-0.13488616010044557","-0.7232700624220997"
"arose","aros","2","1000","0.002","-0.5606034912015969","-0.7008677409018552"
"antidote","antidot","2","1000","0.002","-0.2978327264622474","-0.6546909561906771"
"anti-machete","anti-machet","2","1000","0.002","",""
"announcing","announc","2","1000","0.002","-0.31354706815521793","-0.7766301634703013"
"angola","angola","2","1000","0.002","",""
"anarchy","anarchi","2","1000","0.002","-0.021062055559430172","1.181572890780854"
"amos","amo","2","1000","0.002","0.5110600465701564","-0.32746322401217"
"amnesty","amnesti","2","1000","0.002","-0.11356544070480011","1.0976875012003722"
"aiming","aim","2","1000","0.002","-0.3319821468951398","-0.6528400779708365"
"aids-free","aids-fre","2","1000","0.002","",""
"agtmael's","agtmael","2","1000","0.002","",""
"aggressively","aggress","2","1000","0.002","-0.36095362187927527","-0.4278952072602279"
"african-led","african-l","2","1000","0.002","",""
"afp","afp","2","1000","0.002","1.0348984901956204","-0.17153710968801542"
"adjudicating","adjud","2","1000","0.002","0.04133873722424082","-0.3788728179710398"
"addressing","address","2","1000","0.002","-0.4791497491980642","-0.44701659591412424"
"adds","add","2","1000","0.002","-0.3276979102293819","-0.8870399135071895"
"activists","activist","2","1000","0.002","-0.33749518306712645","0.38735508274522706"
"acronym","acronym","2","1000","0.002","0.20434188337317352","-0.46335191708333345"
"acknowledge","acknowledg","2","1000","0.002","-0.47607623241994","-0.3977263296071168"
"accompanying","accompani","2","1000","0.002","-0.0017139348711050658","-0.604104298571044"
"academy","academi","2","1000","0.002","-0.37022703354665787","-0.0629958113461954"
"abdiwahab","abdiwahab","2","1000","0.002","",""
"abandon","abandon","2","1000","0.002","-0.3071105045160205","-0.3637358295315293"
"600,000","600,000","2","1000","0.002","",""
"5,000","5,000","2","1000","0.002","",""
"400,000","400,000","2","1000","0.002","",""
"4.5","4.5","2","1000","0.002","",""
"20,000","20,000","2","1000","0.002","",""
"2.4","2.4","2","1000","0.002","",""
"2,500","2,500","2","1000","0.002","",""
"1990s","1990s","2","1000","0.002","",""
"über","über","1","1000","0.001","0.4684792775448708","-0.8377154269053698"
"zuber","zuber","1","1000","0.001","",""
"zoumatchi's","zoumatchi","1","1000","0.001","",""
"zerrougui","zerrougui","1","1000","0.001","",""
"zeid","zeid","1","1000","0.001","",""
"zealand","zealand","1","1000","0.001","1.8789792546451753","-0.6757544540520897"
"yves","yves","1","1000","0.001","",""
"yousafzai","yousafzai","1","1000","0.001","",""
"yolande","yoland","1","1000","0.001","",""
"yemenis","yemeni","1","1000","0.001","",""
"yekatom","yekatom","1","1000","0.001","",""
"yearbook","yearbook","1","1000","0.001","-0.12262467944248308","-0.33940142836708964"
"year's","year","1","1000","0.001","-0.40042016519142987","-0.4165507262421346"
"yanukovych","yanukovych","1","1000","0.001","",""
"yabi","yabi","1","1000","0.001","",""
"xamar","xamar","1","1000","0.001","",""
"wuyi","wuyi","1","1000","0.001","",""
"wrongly","wrong","1","1000","0.001","-0.18373354772646294","-0.11266521413588765"
"wrested","wrest","1","1000","0.001","-0.6582722449468714","-0.4381084605606609"
"wrath","wrath","1","1000","0.001","-0.4390310006383657","0.16365886350470393"
"workshops","workshop","1","1000","0.001","-0.2698756362408911","-0.2734019843853311"
"woog","woog","1","1000","0.001","",""
"witney","witney","1","1000","0.001","",""
"wipe","wipe","1","1000","0.001","-0.2875672779098313","-0.40747825408307375"
"william","william","1","1000","0.001","2.248419386005831","-0.684290997486766"
"wildfires","wildfir","1","1000","0.001","-0.5818616566028866","0.7803954054860442"
"wields","wield","1","1000","0.001","-0.3216288555221823","-0.26988619973017003"
"widening","widen","1","1000","0.001","-0.4157236737629336","-0.3417801190308512"
"who've","who'v","1","1000","0.001","0.33728208253523184","-0.07976712291659142"
"whirlwind","whirlwind","1","1000","0.001","-0.5656932998675781","-0.29077838565252884"
"wheelchair","wheelchair","1","1000","0.001","-0.224787436898751","-0.186873941271492"
"weyne","weyn","1","1000","0.001","",""
"westwards","westward","1","1000","0.001","0.29547554423758043","0.11783196001146795"
"well-integrated","well-integr","1","1000","0.001","",""
"welcomes","welcom","1","1000","0.001","-0.5434347880175543","-0.9198860435972787"
"weighing","weigh","1","1000","0.001","-0.2860744918737684","-0.7860267694905064"
"wathi","wathi","1","1000","0.001","",""
"warming","warm","1","1000","0.001","-0.2888877063425838","-0.10740765620593136"
"warlord","warlord","1","1000","0.001","0.34904085695363096","1.3009469124248512"
"wang","wang","1","1000","0.001","1.3070627813423752","-0.5804440220746192"
"waning","wane","1","1000","0.001","-0.4884429385754013","-0.6245027962066639"
"waging","wage","1","1000","0.001","-0.4815106845882978","-0.04426735379670179"
"voyages","voyag","1","1000","0.001","-0.046310582235159395","0.12648995444456954"
"vox","vox","1","1000","0.001","0.9425208643135332","-0.3368590874897541"
"voter","voter","1","1000","0.001","-0.23091375131963168","0.3114327609606927"
"volatile","volatil","1","1000","0.001","-0.6222638234299508","0.20932692685744103"
"vocal","vocal","1","1000","0.001","-0.5347591263351326","-0.39427395945474875"
"vitaly","vitali","1","1000","0.001","",""
"visits","visit","1","1000","0.001","-0.410268461647409","-0.17081010623967355"
"viscous","viscous","1","1000","0.001","0.17458203780225517","-0.1829706829806585"
"viral","viral","1","1000","0.001","0.14465158014229845","-0.5263376866833455"
"vile","vile","1","1000","0.001","0.3061398027797797","0.1149381461929035"
"viktor","viktor","1","1000","0.001","",""
"vigorously","vigor","1","1000","0.001","-0.3501638392035206","-0.2647528387650376"
"victory","victori","1","1000","0.001","-0.6804990875146845","-0.09838968268069544"
"vicente","vicent","1","1000","0.001","",""
"vice-president","vice-presid","1","1000","0.001","-0.47037531627903323","-0.7621484054538651"
"vibrant","vibrant","1","1000","0.001","-0.27217800724277424","-0.45218787643358443"
"verified","verifi","1","1000","0.001","-0.07429014472475119","-0.45255313793229274"
"verdicts","verdict","1","1000","0.001","-0.33596875740234283","0.3948781705569916"
"vengeance","vengeanc","1","1000","0.001","-0.1846960145651834","0.2002878782541693"
"veers","veer","1","1000","0.001","-0.38278712340382653","-0.729999268737941"
"vanished","vanish","1","1000","0.001","-0.508876073100779","-0.5103721865213626"
"van","van","1","1000","0.001","0.0965595606604928","-0.2583100758132717"
"valerie","valeri","1","1000","0.001","",""
"valentino","valentino","1","1000","0.001","",""
"vain","vain","1","1000","0.001","0.0753936071770793","-0.11078845444168724"
"uscirf","uscirf","1","1000","0.001","",""
"us's","us","1","1000","0.001","1.0746922664265788","-0.5014440900355324"
"upticks","uptick","1","1000","0.001","-0.28226271888145454","-0.17196257219209676"
"updated","updat","1","1000","0.001","0.015018550696041586","-0.7098093344950579"
"unwilling","unwil","1","1000","0.001","-0.5211301168623708","-0.2440947369656911"
"untouched","untouch","1","1000","0.001","-0.3313328109399178","-0.46372527240520284"
"unstable","unstabl","1","1000","0.001","-0.24823303062495264","-0.015347715414074776"
"unrest","unrest","1","1000","0.001","-0.43911068252923896","1.2259580971042219"
"unrecognized","unrecogn","1","1000","0.001","-0.1433006472222566","-0.21645720385175832"
"unraveled","unravel","1","1000","0.001","-0.6972781540440638","-0.676772173585994"
"unpunished","unpunish","1","1000","0.001","-0.2757263696968125","0.5989770450604891"
"unpopular","unpopular","1","1000","0.001","-0.4117382050945977","0.04887801259446836"
"unmiss","unmiss","1","1000","0.001","",""
"unlocked","unlock","1","1000","0.001","-0.06304349400106309","-0.4932030933954877"
"union's","union","1","1000","0.001","-0.17137642498836198","0.13917494373872824"
"unhcr's","unhcr","1","1000","0.001","",""
"ungoverned","ungovern","1","1000","0.001","0.0022397952433311046","0.7414003858388053"
"unexploited","unexploit","1","1000","0.001","0.004186227323605787","-0.28313313960958886"
"undone","undon","1","1000","0.001","-0.35887585238590664","-0.6554585329000274"
"understatement","understat","1","1000","0.001","-0.5799529562047318","-0.5000433863386332"
"understandably","understand","1","1000","0.001","-0.5759714081939926","-0.5206691128188814"
"underscores","underscor","1","1000","0.001","-0.5875295404175055","-1.0550519669945713"
"underlined","underlin","1","1000","0.001","-0.35016816188941263","-0.521730292915905"
"undercut","undercut","1","1000","0.001","-0.5612789302239791","-0.6738892097338299"
"under-reported","under-report","1","1000","0.001","-0.5678985968279208","-0.27292247718371676"
"unconnected","unconnect","1","1000","0.001","-0.3447488446062826","-0.33316078049972514"
"uncompromising","uncompromis","1","1000","0.001","-0.5708955176782333","-0.25470743582797273"
"unamid","unamid","1","1000","0.001","",""
"unama","unama","1","1000","0.001","",""
"unabated","unab","1","1000","0.001","-0.15061455564789702","-0.08968897233117402"
"un0248778","un0248778","1","1000","0.001","",""
"un0247700","un0247700","1","1000","0.001","",""
"un0209329","un0209329","1","1000","0.001","",""
"ulfelder","ulfeld","1","1000","0.001","",""
"ugandan-led","ugandan-l","1","1000","0.001","",""
"ueles","uel","1","1000","0.001","",""
"typically","typic","1","1000","0.001","-0.339183153363789","-0.6300290986198757"
"typhoon","typhoon","1","1000","0.001","0.2974660500442214","0.39375883948047263"
"two-year-old","two-year-old","1","1000","0.001","",""
"two-thirds","two-third","1","1000","0.001","-0.16519377116347317","-0.3698763695665146"
"twenty-eight","twenty-eight","1","1000","0.001","",""
"tutsi-controlled","tutsi-control","1","1000","0.001","",""
"turmoil","turmoil","1","1000","0.001","-0.6522984792428179","0.4105024233528829"
"turkey","turkey","1","1000","0.001","0.2712812090931868","-0.29361482104268444"
"tunnel","tunnel","1","1000","0.001","-0.20852556955522047","-0.270750116479386"
"tunisia","tunisia","1","1000","0.001","",""
"tungsten","tungsten","1","1000","0.001","0.342904612251279","-0.2499730700094324"
"trypanosomiasis","trypanosomiasi","1","1000","0.001","0.41648517914996713","0.34508551664863585"
"trusteeships","trusteeship","1","1000","0.001","-0.1480999612291639","-0.0773732519545761"
"truckload","truckload","1","1000","0.001","0.02979836656346707","-0.20697853609599096"
"truce","truce","1","1000","0.001","-0.15580683501845666","1.4686875704067586"
"triumphant","triumphant","1","1000","0.001","-0.3454297920664674","-0.2975929175495378"
"trillions","trillion","1","1000","0.001","0.5623055997364623","0.09512241559515165"
"tribeswomen","tribeswomen","1","1000","0.001","0.08615473604381857","0.245348244320271"
"tribal","tribal","1","1000","0.001","0.05517413022242362","0.685456396585343"
"transparent","transpar","1","1000","0.001","0.01485625437605262","-0.23331864735516947"
"transnational","transnat","1","1000","0.001","0.22834360320091254","0.26466630633984295"
"transmitted","transmit","1","1000","0.001","-0.028928374479293504","-0.6069270656283662"
"tragically","tragic","1","1000","0.001","-0.16608394560066184","-0.08818648535396457"
"tragedies","tragedi","1","1000","0.001","-0.4692061591140619","0.7365547712137573"
"traces","trace","1","1000","0.001","-0.4186914203583004","-0.5808552370595057"
"toxic","toxic","1","1000","0.001","0.0166430216000417","-0.1760822851408503"
"touted","tout","1","1000","0.001","-0.4928833069551326","-1.0184957460044584"
"topic","topic","1","1000","0.001","-0.25337253954731875","-0.474006303679033"
"tongues","tongu","1","1000","0.001","0.2926365162655138","-0.0070217640599606985"
"today's","today","1","1000","0.001","0.7920875929628066","-0.67881730365431"
"tiv","tiv","1","1000","0.001","",""
"tin","tin","1","1000","0.001","0.43182326701494844","-0.19273442528150778"
"ties","tie","1","1000","0.001","-0.44700641511161593","-0.08986516180075454"
"tiangaye","tiangay","1","1000","0.001","",""
"throne","throne","1","1000","0.001","0.16545586799401038","0.1548251200856296"
"throats","throat","1","1000","0.001","-0.010040149179780312","-0.25337552044581596"
"three-year-old","three-year-old","1","1000","0.001","",""
"three-year","three-year","1","1000","0.001","-0.236828718267935","-0.4860361524920317"
"threaten","threaten","1","1000","0.001","-0.4296444774294439","-0.43872457649774926"
"thornier","thornier","1","1000","0.001","-0.6206991632448222","-0.15403432226569252"
"thirst","thirst","1","1000","0.001","-0.18846131714485337","-0.07351500428934932"
"think-tank","think-tank","1","1000","0.001","-0.051083606622232804","0.10919065656647652"
"thief","thief","1","1000","0.001","0.19419504557686734","0.05015276985919087"
"thibaud","thibaud","1","1000","0.001","",""
"then-chief","then-chief","1","1000","0.001","",""
"then-africa","then-africa","1","1000","0.001","",""
"themes","theme","1","1000","0.001","-0.3142128755559982","-0.22424978431680007"
"theatres","theatr","1","1000","0.001","",""
"tharu","tharu","1","1000","0.001","",""
"thailand's","thailand","1","1000","0.001","",""
"testament","testament","1","1000","0.001","-0.45402246334788576","-1.0262470832303914"
"tenor","tenor","1","1000","0.001","-0.22137056161931762","-0.3667706958933696"
"televisions","televis","1","1000","0.001","-0.29161172689694725","-0.2064553517702441"
"teetered","teeter","1","1000","0.001","-0.6379594210362273","-0.7662866041372393"
"tcc","tcc","1","1000","0.001","",""
"taxi","taxi","1","1000","0.001","0.00236456214423475","0.05715692127760315"
"tawiri","tawiri","1","1000","0.001","",""
"tavares","tavar","1","1000","0.001","",""
"tarnished","tarnish","1","1000","0.001","-0.5641629186816902","-0.617826234860077"
