term,stem,count,sample_size,ratio,google_w2v_x,google_w2v_y
"violence","violenc","127","1000","0.127","-0.6523312636337231","1.2716448266117129"
"algeria","algeria","65","1000","0.065","",""
"republican","republican","56","1000","0.056","0.5700712207468175","0.7711154312809984"
"iraq","iraq","40","1000","0.04","2.0146446399229916","0.5820038113360718"
"conflicts","conflict","26","1000","0.026","-0.6188122184664241","0.45899530184260057"
"israel","israel","24","1000","0.024","2.0499318070159034","0.7630915262116521"
"arab","arab","24","1000","0.024","1.6524585311003976","0.4354617958689468"
"algerian","algerian","22","1000","0.022","",""
"french","french","21","1000","0.021","1.7170295517471417","-0.5083910014648756"
"clinton","clinton","20","1000","0.02","2.1595312533129993","-0.03342372879346785"
"democratic","democrat","19","1000","0.019","-0.2538181954895929","1.3657512971204138"
"african","african","19","1000","0.019","1.8940360326458634","-0.07412486225791752"
"israeli","isra","17","1000","0.017","1.73628841616054","0.5711456784998651"
"american","american","16","1000","0.016","1.931630563560753","-0.26525100068683444"
"united","unit","15","1000","0.015","-0.25047067545976576","0.17255406451567118"
"islamic","islam","15","1000","0.015","1.5167795252554974","0.9100988636715669"
"terrorists","terrorist","14","1000","0.014","-0.1930926164041223","1.6741838510355103"
"muslims","muslim","14","1000","0.014","1.4419151955864944","1.2555644290082228"
"qaeda","qaeda","13","1000","0.013","-0.012704789226755485","-0.07094926084491789"
"palestinian","palestinian","13","1000","0.013","1.1778554263352188","0.8565780822869993"
"wars","war","12","1000","0.012","0.12214356040419659","0.6804743195251745"
"bush","bush","12","1000","0.012","0.23100358540627314","-0.017007524366533446"
"afghanistan","afghanistan","12","1000","0.012","1.7406700512437738","0.7198022823381949"
"terror","terror","11","1000","0.011","-0.2012336203983868","1.3701024078539676"
"nations","nation","11","1000","0.011","-0.12177132774415708","0.5304108123143854"
"islamist","islamist","11","1000","0.011","0.7931874683982468","1.1159239361292694"
"france","franc","11","1000","0.011","2.148665379250279","-0.2892929747808159"
"armed","arm","11","1000","0.011","-0.45509574949672343","0.5410726803743909"
"egypt","egypt","10","1000","0.01","1.775871054379233","0.2764859253705194"
"dieudonné","dieudonné","10","1000","0.01","",""
"militants","milit","9","1000","0.009","-0.4560297478688053","1.9228044816206544"
"insurgencies","insurg","9","1000","0.009","-0.26790846611639063","1.9654503039503408"
"independence","independ","9","1000","0.009","-0.24650258618992993","0.7872494080067969"
"army","armi","9","1000","0.009","-0.13390290989551568","0.9650023981864897"
"america","america","9","1000","0.009","2.2932755476149813","-0.0668948406959547"
"mccain","mccain","8","1000","0.008","1.7793144499334694","0.010554274573504965"
"lebanon","lebanon","8","1000","0.008","1.6403405595507843","0.4091805746403239"
"campaign","campaign","8","1000","0.008","-0.5387216723145368","-0.09283234032448882"
"brothers","brother","8","1000","0.008","-0.39280449398947287","0.07060134790436391"
"western","western","7","1000","0.007","-0.17468338298159877","-0.04239900526006124"
"iraqi","iraqi","7","1000","0.007","1.5100176503201397","0.7291092957855239"
"elections","elect","7","1000","0.007","-0.3213924111024261","0.9506076832619965"
"civilians","civilian","7","1000","0.007","-0.5661605433356767","1.5169409098065758"
"africa","africa","7","1000","0.007","2.1818016152362856","0.0939733656429045"
"taha","taha","6","1000","0.006","",""
"soviet","soviet","6","1000","0.006","1.0598808847094014","0.6908768805543984"
"radicals","radic","6","1000","0.006","-0.06647304693804178","1.3213909878941017"
"pygmies","pygmi","6","1000","0.006","0.32685025554793806","0.3396368207095954"
"morocco","morocco","6","1000","0.006","0.76766432361966","0.03967577774999614"
"lebanese","lebanes","6","1000","0.006","1.0461641626667084","0.2322059994034142"
"cape","cape","6","1000","0.006","0.2064263660775264","-0.3558883348740569"
"agreement","agreement","6","1000","0.006","-0.6547808780559721","-0.3526865917127976"
"violent","violent","5","1000","0.005","-0.5900099012941005","0.6464464759134411"
"vietnam","vietnam","5","1000","0.005","1.5689679153369671","0.15200731599235107"
"sudan","sudan","5","1000","0.005","1.2889545310787964","0.19737831381181298"
"somalia","somalia","5","1000","0.005","1.109207909905838","0.46749276766247005"
"sectarian","sectarian","5","1000","0.005","-0.30255141949477954","1.5221647613573435"
"post-conflict","post-conflict","5","1000","0.005","-0.4950092457799124","0.5382795189170642"
"overthrow","overthrow","5","1000","0.005","-0.426406220200395","1.1194341965342687"
"mobilization","mobil","5","1000","0.005","-0.25553767518162485","0.5199127891883424"
"kouchner","kouchner","5","1000","0.005","",""
"jewish","jewish","5","1000","0.005","1.647930675491424","0.3924114132186304"
"ivory","ivori","5","1000","0.005","0.07079283679874966","0.11121594424801265"
"israeli-palestinian","israeli-palestinian","5","1000","0.005","",""
"hezbollah","hezbollah","5","1000","0.005","0.8029621329852721","0.5466625503407418"
"global","global","5","1000","0.005","-0.2031877347347257","-0.3000817530107722"
"germany","germani","5","1000","0.005","2.1715486409326887","-0.07423815868787706"
"fadl","fadl","5","1000","0.005","",""
"economic","econom","5","1000","0.005","-0.42901014069502486","0.05161394198095247"
"deaths","death","5","1000","0.005","-0.5455001704425612","0.49035043830579744"
"de","de","5","1000","0.005","0.5705952966994392","-0.6923569623554826"
"crime","crime","5","1000","0.005","-0.35484586327110995","0.5393133434242869"
"country's","countri","5","1000","0.005","0.519797983638162","0.07323955787487"
"commitment","commit","5","1000","0.005","-0.6916646655832669","-0.46619807124182017"
"chad","chad","5","1000","0.005","1.3673691960086976","-0.20019335962618617"
"brotherhood","brotherhood","5","1000","0.005","-0.2937525366090547","0.5586365805445811"
"arabiya's","arabiya","5","1000","0.005","",""
"ambassador","ambassador","5","1000","0.005","-0.6991175917623859","0.0979993097876718"
"william","william","4","1000","0.004","2.1922419506780746","-0.6298820062849303"
"victims","victim","4","1000","0.004","-0.5393471379735402","0.2458212128344111"
"uribe","urib","4","1000","0.004","",""
"university","univers","4","1000","0.004","-0.39133773665531557","-0.030153211236873954"
"territory","territori","4","1000","0.004","-0.5548049169377638","0.03224493884872846"
"targets","target","4","1000","0.004","-0.5397705293710482","-0.28629890356613447"
"suicide","suicid","4","1000","0.004","-0.43645489995454523","0.5003533586211568"
"saudi","saudi","4","1000","0.004","1.6091304309753867","0.22494253510748702"
"reporting","report","4","1000","0.004","-0.41289053310166823","-0.3939261329084883"
"renounced","renounc","4","1000","0.004","-0.44013623309491723","0.15989556072146663"
"refuse","refus","4","1000","0.004","-0.2728410101660302","-0.24578601013378337"
"reconstruction","reconstruct","4","1000","0.004","-0.5586586045900904","0.27397447925487745"
"polisario","polisario","4","1000","0.004","-0.057275970128182176","0.4338746536382796"
"petraeus","petraeus","4","1000","0.004","",""
"palestine","palestin","4","1000","0.004","1.0213437754027679","0.5978282438111382"
"olmert","olmert","4","1000","0.004","",""
"obama","obama","4","1000","0.004","2.5123283750505974","0.20244819783559306"
"naim","naim","4","1000","0.004","",""
"media","media","4","1000","0.004","-0.30388935515082516","-0.11555161417495491"
"leader","leader","4","1000","0.004","-0.548121051589122","-0.1292755884261089"
"laayoune","laayoun","4","1000","0.004","",""
"jihad","jihad","4","1000","0.004","0.19106105367765053","1.5132680202202058"
"iran","iran","4","1000","0.004","2.0368615282469382","0.5677583026693963"
"indiscriminate","indiscrimin","4","1000","0.004","-0.36205055178130097","0.6017766142487625"
"imprisoned","imprison","4","1000","0.004","-0.371697328964364","0.53216990838836"
"hospital","hospit","4","1000","0.004","-0.4174155559024988","-0.12623343812325302"
"holocaust","holocaust","4","1000","0.004","0.22439975262419476","1.0134917704508073"
"hillary","hillari","4","1000","0.004","1.8237736083597211","0.08953381258291286"
"generals","general","4","1000","0.004","-0.20484078596180041","0.8941107801591395"
"gates","gate","4","1000","0.004","-0.2764474817703886","-0.17109416351674483"
"fueled","fuel","4","1000","0.004","-0.5325988768349159","-0.6635777053549066"
"european","european","4","1000","0.004","1.958534084272893","-0.4139032850489808"
"europe","europ","4","1000","0.004","2.2635722351904266","-0.2608283424498666"
"ethnic","ethnic","4","1000","0.004","-0.26489599203285746","0.8024262810292873"
"england","england","4","1000","0.004","2.308624227391906","-0.3638102826443243"
"congress","congress","4","1000","0.004","0.33590434864568214","0.27189970873958724"
"coastal","coastal","4","1000","0.004","-0.25371880475127045","-0.019788138396308507"
"china","china","4","1000","0.004","0.8453115518962327","-0.36174500552664307"
"centralized","central","4","1000","0.004","-0.3132789664172867","-0.06149721044434478"
"cameroon","cameroon","4","1000","0.004","",""
"brutal","brutal","4","1000","0.004","-0.5689361105494894","0.26636069024930453"
"bombing","bomb","4","1000","0.004","-0.48902088774397057","0.9679880113770095"
"amnesty","amnesti","4","1000","0.004","-0.3475869742182496","0.9102179542636429"
"aided","aid","4","1000","0.004","-0.48350756635409","-0.595571531646124"
"adviser","advis","4","1000","0.004","-0.7120414594733979","-0.4435367919362877"
"abu","abu","4","1000","0.004","1.0056962197139883","0.3159424501417168"
"zawahiri","zawahiri","3","1000","0.003","",""
"weapons","weapon","3","1000","0.003","-0.5330560643210381","0.6316303553567093"
"washington","washington","3","1000","0.003","2.2172287891011435","-0.24157557411376002"
"torture","tortur","3","1000","0.003","-0.2606818380011257","1.060470034539474"
"séba","séba","3","1000","0.003","",""
"syria","syria","3","1000","0.003","1.3418413354959493","0.5695945228977908"
"supporter","support","3","1000","0.003","-0.46056131581712145","-0.4477984131920882"
"sudanese","sudanes","3","1000","0.003","",""
"subsided","subsid","3","1000","0.003","-0.6741291848719311","-0.488697064407038"
"stubbornly","stubborn","3","1000","0.003","-0.457915683266085","-0.29648084156521975"
"struggles","struggl","3","1000","0.003","-0.7435581858246726","-0.3696036983780681"
"stabilization","stabil","3","1000","0.003","-0.3200802626915525","0.010774736471720172"
"soldiers","soldier","3","1000","0.003","-0.40421370973198834","0.9566769385248726"
"slovakia","slovakia","3","1000","0.003","",""
"slaughter","slaughter","3","1000","0.003","-0.14574100212832408","0.7570701740299306"
"shiite","shiit","3","1000","0.003","0.5600992382501818","0.6853984674155527"
"scoreless","scoreless","3","1000","0.003","-0.644350292618175","-0.36173799451124483"
"sahara","sahara","3","1000","0.003","0.7047665198771406","-0.13039625912255576"
"romania","romania","3","1000","0.003","0.745118102365042","-0.3159186317698744"
"republics","republ","3","1000","0.003","0.07308351953035697","1.1156636655803414"
"reject","reject","3","1000","0.003","-0.5092556963577949","-0.21268716943480173"
"quote","quot","3","1000","0.003","0.11306009603322195","-0.4012558960537637"
"protesters","protest","3","1000","0.003","-0.4077841766350464","0.9068393752493692"
"professor","professor","3","1000","0.003","-0.5627680005769068","-0.2033210574247254"
"pro","pro","3","1000","0.003","-0.1429435061896659","-0.0737604530949972"
"pelosi","pelosi","3","1000","0.003","1.4382778309906268","-0.09505052927527802"
"passions","passion","3","1000","0.003","-0.6031701000252031","0.05625198628026153"
"pakistan","pakistan","3","1000","0.003","2.1003057293734684","0.6624556722368694"
"opinions","opinion","3","1000","0.003","-0.34466795079636675","-0.11716819760205137"
"northern","northern","3","1000","0.003","-0.2974281917481076","-0.07950707032613383"
"mozambique","mozambiqu","3","1000","0.003","",""
"mosques","mosqu","3","1000","0.003","0.01712682592013358","1.1918433881648478"
"min","min","3","1000","0.003","0.738636282077396","-0.6109383910143771"
"max","max","3","1000","0.003","0.5345171072558508","-0.6967307272036689"
"liar","liar","3","1000","0.003","0.15529415149473969","0.02443212846984752"
"latin","latin","3","1000","0.003","1.1496385991529265","-0.5311327662034865"
"khatib","khatib","3","1000","0.003","-0.08860134735495077","0.05139721390069351"
"khartoum","khartoum","3","1000","0.003","",""
"jews","jew","3","1000","0.003","1.6269713950334292","0.8110941541446611"
"jazeera","jazeera","3","1000","0.003","",""
"intensely","intens","3","1000","0.003","-0.6391247197251498","-0.35034118092612776"
"imminent","immin","3","1000","0.003","-0.6526495557485213","-0.27032012260636923"
"hopeful","hope","3","1000","0.003","-0.8235669562262127","-0.584937262071191"
"hizbullah","hizbullah","3","1000","0.003","",""
"hizbollah","hizbollah","3","1000","0.003","",""
"gulf","gulf","3","1000","0.003","-0.12154211702509254","-0.1536527150077701"
"george","georg","3","1000","0.003","2.0490248788470202","-0.6324618652127681"
"gaulle","gaull","3","1000","0.003","",""
"freedom","freedom","3","1000","0.003","-0.20635062371940174","0.6112843825173819"
"fofana","fofana","3","1000","0.003","",""
"florida","florida","3","1000","0.003","2.3862242714251902","-0.7141022096086608"
"extremists","extremist","3","1000","0.003","-0.2946555191966438","1.8681232917702812"
"equality","equal","3","1000","0.003","-0.2206749053075311","0.5609685171412352"
"engaging","engag","3","1000","0.003","-0.6768345635165488","-0.35277194411142243"
"enduring","endur","3","1000","0.003","-0.8616017998867435","-0.4837083360602775"
"emerge","emerg","3","1000","0.003","-0.42801833605132084","-0.5565459050424016"
"egyptian","egyptian","3","1000","0.003","1.0072354028643913","0.07809299531960133"
"denial","denial","3","1000","0.003","-0.46156304650430274","-0.08159239206442954"
"defending","defend","3","1000","0.003","-0.602770055435269","-0.36159265108959865"
"czech","czech","3","1000","0.003","0.6875110994624269","-0.47421950741442476"
"criminal","crimin","3","1000","0.003","-0.589389650716098","0.4095322988475515"
"cooper","cooper","3","1000","0.003","0.998668486254999","-0.5988615017088724"
"communists","communist","3","1000","0.003","0.11312917362846749","1.3844189684586474"
"colombia","colombia","3","1000","0.003","0.9608681466816685","-0.2610377423929632"
"cleric","cleric","3","1000","0.003","-0.18153070768318316","1.2437424841691138"
"channel","channel","3","1000","0.003","-0.1829900241135895","-0.3419441776449261"
"british","british","3","1000","0.003","2.0021128421410923","-0.06448077437416788"
"ban","ban","3","1000","0.003","-0.48206121596666224","-0.1454388565645845"
"austria","austria","3","1000","0.003","0.9570055252680494","-0.4512423562142467"
"asia","asia","3","1000","0.003","2.02295298641902","-0.06057301008346165"
"annexation","annex","3","1000","0.003","-0.5563041981530972","0.5098146716700845"
"algiers","algier","3","1000","0.003","",""
"al-rashed","al-rash","3","1000","0.003","",""
"african-american","african-american","3","1000","0.003","",""
"zone","zone","2","1000","0.002","-0.3553428336046226","-0.20074452415722763"
"yemen","yemen","2","1000","0.002","0.7275496509814902","0.19821733013699722"
"welcomed","welcom","2","1000","0.002","-0.7869334057347431","-0.570896235137465"
"waned","wane","2","1000","0.002","-0.7331042927321025","-0.7292913545052407"
"victory","victori","2","1000","0.002","-0.8282982177849553","-0.2984961955969931"
"urging","urg","2","1000","0.002","-0.572893110101413","-0.4396759344159329"
"uprising","upris","2","1000","0.002","-0.5275306613321278","1.3124679779347077"
"unmistakably","unmistak","2","1000","0.002","-0.5630576081462081","-0.2633294777727999"
"unified","unifi","2","1000","0.002","-0.4497916716290117","-0.08832214556956901"
"uncovered","uncov","2","1000","0.002","-0.5148873964819182","-0.5307400902615677"
"unconventional","unconvent","2","1000","0.002","-0.6994640803491159","-0.31993945527848405"
"troop","troop","2","1000","0.002","-0.25416175927943063","0.7103597847330989"
"tribu","tribu","2","1000","0.002","",""
"ties","tie","2","1000","0.002","-0.617521182334142","-0.13033662578137054"
"ticking","tick","2","1000","0.002","-0.4451916392811456","-0.7098966838543291"
"thugs","thug","2","1000","0.002","0.07071492581517143","0.8247917503951074"
"taliban","taliban","2","1000","0.002","1.6647795595772614","1.3438291167126706"
"switzerland","switzerland","2","1000","0.002","1.3129680649616582","-0.21806177275259772"
"sustainable","sustain","2","1000","0.002","-0.4128188183812916","-0.24768288176673914"
"surge","surg","2","1000","0.002","-0.5680745191293604","-0.3408045841192743"
"suez","suez","2","1000","0.002","",""
"studying","studi","2","1000","0.002","-0.5817096095794845","-0.5457104975869236"
"strife","strife","2","1000","0.002","-0.6012145052127946","0.49307768920426437"
"strength","strength","2","1000","0.002","-0.47256024574382044","-0.486308942030425"
"statesman","statesman","2","1000","0.002","-0.11431357632642718","0.3790482238091621"
"stance","stanc","2","1000","0.002","-0.5731847337353176","-0.2288530981965072"
"spreading","spread","2","1000","0.002","-0.27712192608790254","-0.30757439170788514"
"spiralling","spiral","2","1000","0.002","",""
"spain","spain","2","1000","0.002","2.102034013529069","-0.4193275478762735"
"southerner","southern","2","1000","0.002","0.05659394340667754","0.36554901852863747"
"soral","soral","2","1000","0.002","",""
"somalis","somali","2","1000","0.002","",""
"slovenia","slovenia","2","1000","0.002","",""
"significantly","signific","2","1000","0.002","-0.42384937884797586","-0.5763653064379272"
"show's","show","2","1000","0.002","-0.26488049726525814","-0.572605273064739"
"shifta","shifta","2","1000","0.002","-0.1816311993314953","0.1272823973858894"
"sheikhs","sheikh","2","1000","0.002","0.28267627636831755","0.8479753241181307"
"separatist","separatist","2","1000","0.002","-0.19462870416760847","1.8641494882579908"
"self-determination","self-determin","2","1000","0.002","",""
"secularism","secular","2","1000","0.002","0.01887711003017691","1.4386395953466218"
"scant","scant","2","1000","0.002","-0.5642720082006144","-0.4629534187929399"
"satellite","satellit","2","1000","0.002","-0.3929187121326522","-0.12212444828723722"
"sahrawi","sahrawi","2","1000","0.002","",""
"sahel","sahel","2","1000","0.002","",""
"rockets","rocket","2","1000","0.002","-0.333097071545629","0.47517542583676287"
"robert","robert","2","1000","0.002","2.2111105659410186","-0.6320819075099674"
"rice","rice","2","1000","0.002","0.003017490570546272","0.1265438779085061"
"reward","reward","2","1000","0.002","-0.5661496261988439","-0.40576378159713566"
"revolts","revolt","2","1000","0.002","-0.33494316113948647","1.076028392087883"
"retreating","retreat","2","1000","0.002","-0.4229126135648525","-0.16879770381326403"
"resurgent","resurg","2","1000","0.002","-0.740630956355257","-0.26346053044224943"
"resource","resourc","2","1000","0.002","-0.30683442143099343","-0.3407228329001108"
"resolves","resolv","2","1000","0.002","-0.2535599466442451","-0.7828752072984791"
"resentments","resent","2","1000","0.002","-0.4771918535902623","0.7163128802627388"
"renews","renew","2","1000","0.002","-0.5274890572584277","-0.9195998386223802"
"rendering","render","2","1000","0.002","-0.07226436408724697","-0.5171872483233454"
"religiously","religi","2","1000","0.002","-0.20970259421396037","0.2231593966675838"
"rejali","rejali","2","1000","0.002","",""
"refineries","refineri","2","1000","0.002","-0.42174859055733094","0.4786639121519221"
"referring","refer","2","1000","0.002","-0.5134525071385956","-0.48936065195753775"
"reconcile","reconcil","2","1000","0.002","-0.6049415976192745","0.13659870444682842"
"recognition","recognit","2","1000","0.002","-0.5645319197591108","-0.39106569661969126"
"rape","rape","2","1000","0.002","-0.39122625189516275","0.5268006326067887"
"raging","rage","2","1000","0.002","-0.20584090904576935","-0.25021864787915676"
"prosecute","prosecut","2","1000","0.002","-0.606802767941518","0.30980517631330046"
"policymakers","policymak","2","1000","0.002","-0.4379248342753925","0.2003327669605354"
"pledge","pledg","2","1000","0.002","-0.4415101351857234","-0.15553957245534591"
"photographs","photograph","2","1000","0.002","-0.5210139593489251","-0.12836698645706995"
"pennsylvania","pennsylvania","2","1000","0.002","1.5294250553314943","-0.5491540239978425"
"penal","penal","2","1000","0.002","-0.1784904023352575","0.3583916885354152"
"peacekeeping","peacekeep","2","1000","0.002","-0.3004293624402252","1.2737171683720205"
"participated","particip","2","1000","0.002","-0.6523396289567112","-0.4901526337071317"
"paramilitary","paramilitari","2","1000","0.002","-0.49545093229015613","1.4690442883369503"
"outlined","outlin","2","1000","0.002","-0.741078018859338","-0.558816832206111"
"organize","organ","2","1000","0.002","-0.39935480864925726","-0.1336108447252259"
"ongoing","ongo","2","1000","0.002","-0.633592069597439","-0.4432008541704731"
"offender","offend","2","1000","0.002","-0.30240941536850124","0.08377874709727094"
"northwest","northwest","2","1000","0.002","-0.3428633969037859","-0.21330028648900154"
"nominee","nomine","2","1000","0.002","-0.5887702780572135","-0.09094113286810057"
"nineteen-sixties","nineteen-sixti","2","1000","0.002","",""
"nimeiri","nimeiri","2","1000","0.002","",""
"nazi","nazi","2","1000","0.002","1.2122654390427683","0.5025811323318066"
"musab","musab","2","1000","0.002","",""
"mubarak's","mubarak","2","1000","0.002","",""
"mounting","mount","2","1000","0.002","-0.7736112540385579","-0.42379494237595944"
"moments","moment","2","1000","0.002","-0.6435708408962527","-0.3978892765861245"
"minister","minist","2","1000","0.002","-0.41862578946577994","0.34980538656517657"
"mali","mali","2","1000","0.002","1.092752963215823","-0.07944007076559628"
"magaziner","magazin","2","1000","0.002","",""
"m'bala","m'bala","2","1000","0.002","",""
"lynch","lynch","2","1000","0.002","0.2669043754874957","0.5151011320399275"
"luntz","luntz","2","1000","0.002","",""
"lithuania","lithuania","2","1000","0.002","",""
"links","link","2","1000","0.002","-0.13900645960627467","-0.1872167958853965"
"lincoln's","lincoln","2","1000","0.002","",""
"likelihood","likelihood","2","1000","0.002","-0.5156799107863668","-0.43145690189767927"
"libya","libya","2","1000","0.002","1.4313966112790193","0.6604812738098289"
"liberation","liber","2","1000","0.002","0.04199664923672257","1.095900162725596"
"les","les","2","1000","0.002","1.2938886470889823","-0.6543181114338746"
"launching","launch","2","1000","0.002","-0.4301146967002982","-0.5055417303982782"
"large-scale","large-scal","2","1000","0.002","-0.21935230546611487","0.20225684732144178"
"laden","laden","2","1000","0.002","-0.3546482576752552","-0.7673033012689372"
"kuwait","kuwait","2","1000","0.002","1.3849356699926303","0.09807490683932141"
"killings","kill","2","1000","0.002","-0.6362324504221457","1.246672873259307"
"kidnapped","kidnap","2","1000","0.002","-0.5051875994237209","0.5208325969449117"
"kenyan","kenyan","2","1000","0.002","0.5612642851380925","0.0551315568875894"
"kenya","kenya","2","1000","0.002","1.5372684978052464","0.06332655038888589"
"kaka","kaka","2","1000","0.002","1.3377831151647794","-0.23914975579518727"
"ka's","ka","2","1000","0.002","1.0501263585510487","-0.3049548780462487"
"john","john","2","1000","0.002","1.559296809577214","-0.7028318224813536"
"ireland","ireland","2","1000","0.002","1.9162569278385064","-0.45487456161865414"
"invasion","invas","2","1000","0.002","-0.22949415280665172","0.7865880629633983"
"intimidation","intimid","2","1000","0.002","-0.6306814207673094","0.6194786606361051"
"intelligence","intellig","2","1000","0.002","-0.4209631959246478","0.5222437776148443"
"intellectuals","intellectu","2","1000","0.002","-0.13623752121389923","1.1534012442269472"
"inspiration","inspir","2","1000","0.002","-0.5991064039111741","-0.42292967022277606"
"innocents","innoc","2","1000","0.002","-0.0692391690545195","1.2814485547873737"
"inflicting","inflict","2","1000","0.002","-0.5058581800016039","-0.09341293367371965"
"indochina","indochina","2","1000","0.002","",""
"indian","indian","2","1000","0.002","1.902973067041431","-0.06820232916163174"
"india","india","2","1000","0.002","2.2853776000861186","-0.05628623205066738"
"incompetence","incompet","2","1000","0.002","-0.22788827297269543","0.09495714307456793"
"implicated","implic","2","1000","0.002","-0.6300741024471598","-0.3241971795565348"
"immigration","immigr","2","1000","0.002","-0.17729331653614358","0.49395278695279954"
"ii","ii","2","1000","0.002","0.3505039098197993","-0.431851076895945"
"ignores","ignor","2","1000","0.002","-0.376873772952908","-0.4505421466713198"
"ideology","ideolog","2","1000","0.002","-0.2749236174479327","1.0646832478101527"
"humanitarian","humanitarian","2","1000","0.002","-0.5478751906804531","0.8940378287179732"
"hotel","hotel","2","1000","0.002","-0.32623403975007526","-0.33591212759924616"
"holy","holi","2","1000","0.002","0.213675028847167","0.5378155783800905"
"heh","heh","2","1000","0.002","1.224536837878001","-0.6334021030606738"
"hamas","hama","2","1000","0.002","0.932146965375605","0.7072603224187598"
"guerrilla","guerrilla","2","1000","0.002","-0.3758432923406993","1.3491786465291427"
"god","god","2","1000","0.002","0.6514371498602267","-0.11508390916320797"
"gifts","gift","2","1000","0.002","-0.41494255318203693","-0.42141141282844485"
"genocide","genocid","2","1000","0.002","-0.1689048181722058","1.5903659342728325"
"gaza","gaza","2","1000","0.002","1.2940831264764718","0.5065815744525968"
"futility","futil","2","1000","0.002","-0.6703674354580095","0.11130885052377515"
"fundamentalist","fundamentalist","2","1000","0.002","-0.2450326891992319","1.135006907908668"
"frankly","frank","2","1000","0.002","-0.1524281409799623","-0.3224407960480068"
"foundation","foundat","2","1000","0.002","-0.5526957091285355","-0.41468307605599664"
"fln","fln","2","1000","0.002","",""
"fitfully","fit","2","1000","0.002","-0.44917110612780264","-0.16909059349214914"
"fervor","fervor","2","1000","0.002","-0.5622079067265212","0.041569270388373346"
"fatwas","fatwa","2","1000","0.002","0.23098186476057012","1.1964476054007465"
"extremes","extrem","2","1000","0.002","-0.5758789840902315","-0.01362061430558939"
"exploitative","exploit","2","1000","0.002","-0.18476566702930353","0.3232941396798232"
"explode","explod","2","1000","0.002","-0.24647962493498102","-0.34594812918822027"
"excuses","excus","2","1000","0.002","-0.2178732563659058","-0.17181864527099464"
"erupted","erupt","2","1000","0.002","-0.6133478618066485","-0.3070297315447569"
"economy","economi","2","1000","0.002","-0.4157078361166837","0.14618308515747544"
"drone","drone","2","1000","0.002","-0.017023509466303884","0.17630617661369588"
"doomed","doom","2","1000","0.002","-0.2657940444168342","-0.4953608422667083"
"distinguish","distinguish","2","1000","0.002","-0.2845420928468931","-0.5487209998401943"
"demise","demis","2","1000","0.002","-0.3716168747476415","-0.41626940694138065"
"defeats","defeat","2","1000","0.002","-0.6102955766917018","-0.1476712378266228"
"deadlock","deadlock","2","1000","0.002","-0.7449122879826927","0.05566830306679828"
"david","david","2","1000","0.002","2.156747967872676","-0.9280911231785529"
"crocker","crocker","2","1000","0.002","",""
"corruption","corrupt","2","1000","0.002","-0.3728721048725087","0.8004389073335539"
"conversely","convers","2","1000","0.002","-0.09488226737281949","-0.4515633823262058"
"constituency","constitu","2","1000","0.002","-0.25978291590827646","0.2411560669012062"
"conservatives","conserv","2","1000","0.002","-0.2509817002564787","0.689908391545944"
"congo","congo","2","1000","0.002","0.8496678848130328","-0.022231523323691674"
"commission","commiss","2","1000","0.002","-0.4725345234323466","-0.13586596876315923"
"commentators","comment","2","1000","0.002","-0.24324990549664713","0.036558237995024376"
"combinations","combin","2","1000","0.002","-0.26801852933547715","-0.6204138608509865"
"college","colleg","2","1000","0.002","-0.30028753357368854","-0.22468865626749843"
"collapse","collaps","2","1000","0.002","-0.49747320807731044","-0.16183345932973245"
"checker's","checker","2","1000","0.002","-0.0839792378497555","-0.4601188306136318"
"chechnya","chechnya","2","1000","0.002","",""
"charities","chariti","2","1000","0.002","-0.5349310330070287","-0.058354549372373096"
"chaos","chao","2","1000","0.002","-0.45977281012732796","0.5609064143826862"
"centurions","centurion","2","1000","0.002","0.08369268045707623","0.17640250013507908"
"centered","center","2","1000","0.002","-0.5109320790942269","-0.7150830748884667"
"celebrity","celebr","2","1000","0.002","-0.16051039559156433","-0.2386911485581934"
"cease-fire","cease-fir","2","1000","0.002","-0.13576971443151","1.8754651584020448"
"casualties","casualti","2","1000","0.002","-0.5584188019931912","0.7795362582521687"
"calling","call","2","1000","0.002","-0.19769233994736551","-0.4134496430631425"
"burundi","burundi","2","1000","0.002","",""
"britain","britain","2","1000","0.002","1.8522234009323004","0.2469532945536305"
"breeze","breez","2","1000","0.002","-0.14199381407703215","-0.5463153095569692"
"borders","border","2","1000","0.002","-0.20392199596474586","0.41976459802882543"
"boodle","boodl","2","1000","0.002","0.2330878971168993","-0.056731270015498284"
"bombers","bomber","2","1000","0.002","-0.2941215637250716","0.9521097239624469"
"bloody","bloodi","2","1000","0.002","-0.10155385105698343","0.47864928357397185"
"blessed","bless","2","1000","0.002","-0.361299394698219","-0.45397371705120865"
"bin","bin","2","1000","0.002","0.2434808989071614","-0.36504584624055725"
"belgium","belgium","2","1000","0.002","0.9288115973638504","-0.42900565949616687"
"barton","barton","2","1000","0.002","1.1074223943551464","-0.4694253701923103"
"banditry","banditri","2","1000","0.002","-0.28247031088372193","1.3265733845355294"
"baltic","baltic","2","1000","0.002","0.8847186059528256","-0.3300915329452286"
"baghdad","baghdad","2","1000","0.002","0.4945035683091253","0.22093211129846946"
"autocracy","autocraci","2","1000","0.002","-0.24102092502933395","1.2236511940152461"
"atlantic","atlant","2","1000","0.002","1.5787471482133943","-0.5513148009383565"
"aspirations","aspir","2","1000","0.002","-0.6714752656250835","-0.0703451076001684"
"armenian","armenian","2","1000","0.002","0.6893365846098303","0.1585414889558937"
"argentina","argentina","2","1000","0.002","1.8150269018633243","-0.29569064406717216"
"arabia","arabia","2","1000","0.002","0.5060665250304802","-0.036150017504797856"
"appalled","appal","2","1000","0.002","-0.43856887804128847","-0.11911716560152952"
"angola","angola","2","1000","0.002","",""
"analyzes","analyz","2","1000","0.002","-0.29556278635992983","-0.5030791605823705"
"analyst","analyst","2","1000","0.002","-0.6689316784558246","-0.4814768783249162"
"alliances","allianc","2","1000","0.002","-0.46199405027731705","0.24901401096339387"
"allegance","alleg","2","1000","0.002","",""
"algérie","algéri","2","1000","0.002","",""
"al-zarqawi","al-zarqawi","2","1000","0.002","",""
"age-old","age-old","2","1000","0.002","",""
"after-action","after-act","2","1000","0.002","",""
"advancing","advanc","2","1000","0.002","-0.59609509113666","-0.5198896055311556"
"adopts","adopt","2","1000","0.002","-0.3185985985561036","-0.8076764936475962"
"academy","academi","2","1000","0.002","-0.5640184810098547","-0.09379072633940191"
"abuses","abus","2","1000","0.002","-0.5156124175133704","0.80494687043295"
"9/11","9/11","2","1000","0.002","",""
"1990s","1990s","2","1000","0.002","",""
"zuhdy","zuhdi","1","1000","0.001","",""
"zidane","zidan","1","1000","0.001","0.6427933293425812","-0.31049460641708676"
"zarqawi","zarqawi","1","1000","0.001","",""
"zanzibar","zanzibar","1","1000","0.001","",""
"youssouf","youssouf","1","1000","0.001","",""
"year--how","year--how","1","1000","0.001","",""
"yeah","yeah","1","1000","0.001","0.5856485905656649","-0.6273629336855293"
"yawns","yawn","1","1000","0.001","-0.17816075566496573","-0.4195832716453461"
"yankee","yanke","1","1000","0.001","1.239985604431382","-0.36678918562323665"
"www.svt.se","www.svt.se","1","1000","0.001","",""
"worldwide","worldwid","1","1000","0.001","-0.23645549052407422","-0.40763424514608304"
"world's","world","1","1000","0.001","-0.0849582905369012","-0.30483118688359434"
"workplace","workplac","1","1000","0.001","-0.5280282728084077","-0.1650603169964904"
"workingman","workingman","1","1000","0.001","-0.33311180348925784","-0.3850465013159633"
"workers-only","workers-on","1","1000","0.001","",""
"work.live","work.liv","1","1000","0.001","",""
"witherington","witherington","1","1000","0.001","",""
"withdraw","withdraw","1","1000","0.001","-0.5506022090480004","-0.162761103444177"
"wishful","wish","1","1000","0.001","-0.15846583587642224","-0.1610426395209004"
"wholesale","wholesal","1","1000","0.001","-0.33887721835812357","-0.3146086869988712"
"whitewater","whitewat","1","1000","0.001","-0.14349887704167968","-0.29160704137780324"
"whites","white","1","1000","0.001","0.13555085897219113","0.054530609486247404"
"west's","west","1","1000","0.001","",""
"well-organized","well-organ","1","1000","0.001","",""
"weary","weari","1","1000","0.001","-0.6512619547467691","-0.39965892367071487"
"wc","wc","1","1000","0.001","1.3495473633349413","-0.8548821791923623"
"waxed","wax","1","1000","0.001","-0.1388931688353375","-0.7501288753848312"
"wapo","wapo","1","1000","0.001","",""
"walmart","walmart","1","1000","0.001","2.018343119738075","-0.28714931868720645"
"waging","wage","1","1000","0.001","-0.6283246040941245","0.14568064775391293"
"wade","wade","1","1000","0.001","-0.10025730469527504","-0.685477603407116"
"visualize","visual","1","1000","0.001","-0.29781645005824703","-0.5493314058986336"
"violations","violat","1","1000","0.001","-0.5921553835780454","0.09115818086142966"
"viii","viii","1","1000","0.001","-0.12851852793860835","-0.3157535157754737"
"vietnamese","vietnames","1","1000","0.001","0.943584523688698","0.0019033159619243564"
"videos","video","1","1000","0.001","-0.1892818288343497","-0.15112093605657165"
"vexing","vex","1","1000","0.001","-0.6351586254599012","-0.5820410614661824"
"veterans","veteran","1","1000","0.001","-0.5420958578833216","-0.07305086610313993"
"verses","vers","1","1000","0.001","0.024451681969807466","0.022380716060625416"
"verbotsgesetz","verbotsgesetz","1","1000","0.001","",""
"veered","veer","1","1000","0.001","-0.7376981759515928","-0.5877687375983042"
"ve","ve","1","1000","0.001","1.050346871755578","-0.5218664742126341"
"validity","valid","1","1000","0.001","-0.4821675328448052","-0.3455701438206945"
"ustazh","ustazh","1","1000","0.001","",""
"usa","usa","1","1000","0.001","2.2955162480870324","-0.442439573268206"
"uprooting","uproot","1","1000","0.001","-0.5357364797510846","0.26730377177700615"
"unwilling","unwil","1","1000","0.001","-0.6773322049180358","-0.31192486810587416"
"unusually","unusu","1","1000","0.001","-0.806613585981025","-0.5988529870709481"
"unused","unus","1","1000","0.001","-0.4686021401634562","-0.5623470983224228"
"untenable","unten","1","1000","0.001","-0.7979736793540158","-0.2623360202851989"
"unsurpassed","unsurpass","1","1000","0.001","-0.453874896057205","-0.7390661870827477"
"unstable","unstabl","1","1000","0.001","-0.3938558742471898","-0.03167067607877419"
"unrest","unrest","1","1000","0.001","-0.5567674494146605","1.0443973453670898"
"unproductive","unproduct","1","1000","0.001","-0.4489816465484056","-0.33051609823519984"
"unlucky","unlucki","1","1000","0.001","-0.146601139288937","-0.4846399380165408"
"unloaded","unload","1","1000","0.001","-0.6586387021224757","-0.6553135704667248"
"unionists","unionist","1","1000","0.001","-0.20963723988212946","0.8821344217036675"
"union's","union","1","1000","0.001","-0.34006104892519634","0.21662604807636757"
"unilateralist","unilateralist","1","1000","0.001","0.04222700103639268","1.107398612928338"
"unilateral","unilater","1","1000","0.001","-0.45777229684949744","0.45506049013548633"
"uniforms","uniform","1","1000","0.001","-0.39014992427775047","0.004655712502310235"
"unguided","unguid","1","1000","0.001","-0.04651021379721534","0.1392381589966644"
"unfinished","unfinish","1","1000","0.001","-0.5462974951111012","-0.5206884325812798"
"unfair","unfair","1","1000","0.001","-0.5824311299320667","-0.3493085162458865"
"unemployment","unemploy","1","1000","0.001","-0.46436436935237574","0.4758549978287817"
"underreporting","underreport","1","1000","0.001","-0.8433164312251984","-0.14736173850417109"
"undermined","undermin","1","1000","0.001","-0.6462572301686736","-0.4130237810461557"
"underestimated","underestim","1","1000","0.001","-0.7126297185498719","-0.7082505769264271"
"unconditional","uncondit","1","1000","0.001","-0.3822551703847098","0.16045911902173773"
"uncertainty","uncertainti","1","1000","0.001","-0.7509926106360894","-0.29572799883249984"
"unbelievably","unbeliev","1","1000","0.001","-0.38338962684296773","-0.7139930481184846"
"unarm","unarm","1","1000","0.001","",""
"unaccountable","unaccount","1","1000","0.001","-0.29826103380103564","0.23043546586506938"
"ultimately","ultim","1","1000","0.001","-0.5409797127812317","-0.4583918744614574"
"ukraine","ukrain","1","1000","0.001","0.8259703932512505","-0.19251431003882563"
"twenty-five-year-old","twenty-five-year-old","1","1000","0.001","",""
"turtology","turtolog","1","1000","0.001","",""
"turtles","turtl","1","1000","0.001","-0.22896149720236017","0.11556560955717422"
"turkmenistan","turkmenistan","1","1000","0.001","",""
"turabi","turabi","1","1000","0.001","",""
"turab","turab","1","1000","0.001","",""
"tunisian","tunisian","1","1000","0.001","",""
"tunisia","tunisia","1","1000","0.001","",""
"trope","trope","1","1000","0.001","-0.146066054233883","-0.05841867987115668"
"triumvirate","triumvir","1","1000","0.001","-0.3831302506163465","-0.3753870331032147"
"trinkets","trinket","1","1000","0.001","-0.08788750783838405","-0.3680184682005734"
"trillion","trillion","1","1000","0.001","0.02347348741080907","0.24469520015682594"
"tribunal","tribun","1","1000","0.001","-0.5726985236024634","0.31477231773685027"
"tribal","tribal","1","1000","0.001","-0.15766499600138778","0.7066302263490557"
"treating","treat","1","1000","0.001","-0.4297113816048363","-0.4694725689932341"
"treasury","treasuri","1","1000","0.001","-0.15808779250685484","0.13907490509119422"
"trashcanistans","trashcanistan","1","1000","0.001","",""
"trapped","trap","1","1000","0.001","-0.436203828683775","-0.2947941498804619"
"translated","translat","1","1000","0.001","-0.16614117720320698","-0.4777337978428037"
"trail","trail","1","1000","0.001","-0.5048460086677468","-0.44104460676087764"
"traced","trace","1","1000","0.001","-0.4560568461568153","-0.6475531331199952"
"toxic","toxic","1","1000","0.001","-0.11154830335094554","-0.1739475628559652"
"town-hall","town-hal","1","1000","0.001","0.34571473105012035","-0.16923739485321967"
"tounsi","tounsi","1","1000","0.001","",""
"toughness","tough","1","1000","0.001","-0.7007252908920157","-0.26711953742959516"
"totals","total","1","1000","0.001","-0.36881565368704483","-0.660818745116181"
"torture-abduction","torture-abduct","1","1000","0.001","",""
"topics","topic","1","1000","0.001","-0.36595006958125903","-0.5163848484737574"
"tony-award","tony-award","1","1000","0.001","",""
"tolerant","toler","1","1000","0.001","-0.21093462740373986","-0.0021121940673110517"
"token","token","1","1000","0.001","-0.15266115979939363","-0.34680529980696945"
"tlaty","tlati","1","1000","0.001","",""
"tin-pot","tin-pot","1","1000","0.001","0.47385229599516737","0.31962083974549255"
"tim","tim","1","1000","0.001","1.7709650867280367","-0.7540336606144536"
"tiles","tile","1","1000","0.001","-0.15261273104524575","-0.3162404165443425"
"thwarting","thwart","1","1000","0.001","-0.5380558163909601","-0.3209381294378173"
"thriller","thriller","1","1000","0.001","-0.6430565412067102","-0.23318381117966946"
"thresholds","threshold","1","1000","0.001","-0.36149284009358673","-0.505133027556887"
"threats","threat","1","1000","0.001","-0.5381524040146693","0.28317678359377196"
"thinkers","thinker","1","1000","0.001","-0.34323544618143575","0.3006624244651962"
"theocracy","theocraci","1","1000","0.001","-0.013064740793773651","1.6050778846921283"
"theatre","theatr","1","1000","0.001","",""
"terrorism-born","terrorism-born","1","1000","0.001","",""
"terminology","terminolog","1","1000","0.001","-0.22446424433078396","-0.08891555239934812"
"termination","termin","1","1000","0.001","-0.5352961449297523","-0.5266221967403437"
"tensions","tension","1","1000","0.001","-0.8944828572058456","0.6922686867574431"
"tel","tel","1","1000","0.001","0.721044533859036","-0.6272012483307311"
"tehseen","tehseen","1","1000","0.001","",""
"teflon","teflon","1","1000","0.001","0.3863219238653645","-0.6422216089752781"
"teen-ager","teen-ag","1","1000","0.001","-0.45095097066694056","-0.12039072640367406"
"technically","technic","1","1000","0.001","-0.16537667630725708","-0.602510049741435"
"tear","tear","1","1000","0.001","-0.4124406173460945","-0.2557235623145164"
"teacher","teacher","1","1000","0.001","-0.4133677141849709","-0.13702235261047493"
"tea","tea","1","1000","0.001","-0.011901915299198132","-0.06658691949686471"
"tasting","tast","1","1000","0.001","0.000209771084868364","-0.5279604294715169"
"tarik","tarik","1","1000","0.001","0.26361115545320674","-0.3364689633138945"
"tanzania","tanzania","1","1000","0.001","",""
"tamping","tamp","1","1000","0.001","-0.44658938099793843","-0.26918652186979086"
"talks","talk","1","1000","0.001","-0.6359092273129272","-0.17745801532821187"
"take-downs","take-down","1","1000","0.001","-0.43004959594441106","-0.009896411376416532"
"tajikistan","tajikistan","1","1000","0.001","",""
"tajdid","tajdid","1","1000","0.001","",""
"tactical","tactic","1","1000","0.001","-0.3240217042953699","-0.1883145916864889"
"tacit","tacit","1","1000","0.001","-0.4589238621505451","0.4483783108494925"
"sétif","sétif","1","1000","0.001","",""
"systematic","systemat","1","1000","0.001","-0.47759566499271333","0.21771693509021964"
"sweep","sweep","1","1000","0.001","-0.6552561326084494","-0.26219341751604536"
"swallow","swallow","1","1000","0.001","-0.34945587890569324","-0.7203293188245868"
"swahili","swahili","1","1000","0.001","",""
"suspend","suspend","1","1000","0.001","-0.549952681121002","-0.5448088199924455"
"surrounding","surround","1","1000","0.001","-0.6768867827299401","-0.6568860472528657"
"surprisingly","surpris","1","1000","0.001","-0.46561627011944007","-0.6821867201167862"
"supreme","suprem","1","1000","0.001","-0.11882457625423234","-0.1368919501893066"
"suppress","suppress","1","1000","0.001","-0.41761665540947257","0.1111147390584736"
"summed","sum","1","1000","0.001","-0.5054223121854884","-0.7609390604344833"
"sufism","sufism","1","1000","0.001","-0.13564050594935625","0.2389987328157186"
"subversion","subvers","1","1000","0.001","-0.25574808038126146","1.0783738658076634"
"submission","submiss","1","1000","0.001","-0.24944348833506746","-0.29476722945131256"
"subcontinent","subcontin","1","1000","0.001","0.10014160351110224","0.325757408993677"
"subconscious","subconsci","1","1000","0.001","-0.23624361836285449","0.028041688533436245"
"stupidity","stupid","1","1000","0.001","0.16307123724783687","0.09943659362755129"
"stunningly","stun","1","1000","0.001","-0.4381175052797636","-0.5481206310213832"
"students","student","1","1000","0.001","-0.5947863057033411","0.06136733235774562"
"storms","storm","1","1000","0.001","-0.48158027338859166","-0.02625327888170304"
"stolle","stoll","1","1000","0.001","",""
"stockholm","stockholm","1","1000","0.001","0.6573178527537997","-0.13194731264688012"
"stir","stir","1","1000","0.001","-0.4910099791957058","-0.29244612801459036"
"stinks","stink","1","1000","0.001","0.16154014647890513","-0.8453281212887528"
"stifled","stifl","1","1000","0.001","-0.8501697163036879","-0.6469642860445928"
"stickler","stickler","1","1000","0.001","-0.6015848627948626","-0.6867672590895783"
"stewart's","stewart","1","1000","0.001","",""
"stereotypes","stereotyp","1","1000","0.001","-0.43887209686249207","0.2976041212591494"
"stephen","stephen","1","1000","0.001","1.9694673507185","-0.4142748285012635"
"stepping","step","1","1000","0.001","-0.7450547399598482","-0.5612193417972324"
"stealth","stealth","1","1000","0.001","-0.11431073865396864","-0.19596091321356843"
"stays","stay","1","1000","0.001","-0.2855316803240196","-0.8027315805994295"
"statistical","statist","1","1000","0.001","-0.5393986171710545","-0.5275970569921475"
"state-on-state","state-on-st","1","1000","0.001","",""
"state-of-the-art","state-of-the-art","1","1000","0.001","",""
"starvation","starvat","1","1000","0.001","-0.18184182479302666","0.7416956160833156"
"stanley","stanley","1","1000","0.001","1.1768998986547325","-0.7294057315752501"
"standardized","standard","1","1000","0.001","-0.3448394158741789","-0.48116488568282023"
"stans","stan","1","1000","0.001","0.7924308739592996","0.34431769076270874"
"stakes","stake","1","1000","0.001","-0.6524132848746215","-0.4391046246418855"
"staged","stage","1","1000","0.001","-0.6582140283464116","-0.33041955237746523"
"sri","sri","1","1000","0.001","1.0407732583477405","-0.1630979660173116"
"sprited","sprite","1","1000","0.001","-0.015548993402234219","-0.2359247756590461"
"sporadic","sporad","1","1000","0.001","-0.6117956371133987","-0.15961589950967764"
"spill","spill","1","1000","0.001","-0.32692805869226255","-0.14299608236293737"
"spikes","spike","1","1000","0.001","-0.49502393226190683","-0.46973407283122764"
"specialty","specialti","1","1000","0.001","-0.2407030173395694","-0.6824638699576826"
"spasm","spasm","1","1000","0.001","-0.4320770331084643","0.20367682391339562"
"sparked","spark","1","1000","0.001","-0.8158363574043058","-0.6915986820428889"
"spanish","spanish","1","1000","0.001","1.6931486626501528","-0.5954287558872995"
"spanned","span","1","1000","0.001","-0.8655016416376498","-0.727928371147081"
"spam","spam","1","1000","0.001","0.05804112432256462","0.1780711519818174"
"sow","sow","1","1000","0.001","-0.1006330001459451","0.2779448009619814"
"southfork","southfork","1","1000","0.001","",""
"southeast","southeast","1","1000","0.001","-0.2841785355155532","-0.22548215226684684"
"soustelle","soustell","1","1000","0.001","",""
"sorrow","sorrow","1","1000","0.001","-0.608223747599799","0.33404148341340245"
"sons","son","1","1000","0.001","-0.34925112449947104","0.05252465723035537"
"somnolent","somnol","1","1000","0.001","-0.3793617246872212","-0.43483803625407136"
"solace","solac","1","1000","0.001","-0.7046018926349373","-0.45810911327903353"
"softening","soften","1","1000","0.001","-0.6619936852625901","-0.3068402495739963"
"socio-economic","socio-econom","1","1000","0.001","-0.42270265151562075","0.22214738218866587"
"socialistic","socialist","1","1000","0.001","0.23840967389253712","0.6814180613038481"
"sobbing","sob","1","1000","0.001","-0.38740571711009353","0.058474795986005246"
"smearing","smear","1","1000","0.001","-0.024553861813782007","0.05173040944092543"
"slime","slime","1","1000","0.001","0.2515520816462579","-0.30612152228756107"
"slavery","slaveri","1","1000","0.001","0.045014118748507685","1.0636021262369535"
"slaves","slave","1","1000","0.001","0.1320314715691825","0.811575825050987"
"skewed","skew","1","1000","0.001","-0.5902632876529679","-0.5493300009092834"
"skate","skate","1","1000","0.001","-0.07504722375145736","-0.4503712148766359"
"sincere","sincer","1","1000","0.001","-0.4837358966263562","-0.022954538347768137"
"simultaneously","simultan","1","1000","0.001","-0.2896143374243476","-0.27661407611472255"
"simpleminded","simplemind","1","1000","0.001","0.053390884527966774","0.17214977656593344"
"signaled","signal","1","1000","0.001","-0.8038256393479382","-0.5507347080438119"
"sided","side","1","1000","0.001","-0.6024266225409326","-0.5574531236059135"
"shortsighted","shortsight","1","1000","0.001","-0.5927873923699307","-0.16916368384236205"
"short-lived","short-liv","1","1000","0.001","-0.626209096556749","-0.6728661262348498"
"shocking","shock","1","1000","0.001","-0.5185257371040317","-0.2708523433657747"
"shiia","shiia","1","1000","0.001","",""
"shifted","shift","1","1000","0.001","-0.694483149151965","-0.6792566634125254"
"shields","shield","1","1000","0.001","-0.10558486813503384","-0.3543325996591312"
"shia-on-sunni","shia-on-sunni","1","1000","0.001","",""
"sheeting","sheet","1","1000","0.001","0.05810477987643941","-0.2843938025049908"
"shariah","shariah","1","1000","0.001","0.3140799938085095","1.1492425371121164"
"shaping","shape","1","1000","0.001","-0.5450304918980341","-0.6672598900409703"
"seven-country","seven-countri","1","1000","0.001","",""
"settlements","settlement","1","1000","0.001","-0.2767056365116822","0.2876775227550618"
"servant","servant","1","1000","0.001","-0.21929849649860228","0.01304959585153938"
"sermons","sermon","1","1000","0.001","-0.43331854798658653","0.45343465101667413"
"sentences","sentenc","1","1000","0.001","-0.48421517624513494","0.5756393428035069"
"sensuality","sensual","1","1000","0.001","-0.2806907451659549","0.029038901959371224"
"senseless","senseless","1","1000","0.001","-0.40153176553792425","0.33482773913700953"
"sensed","sens","1","1000","0.001","-0.8149856495525398","-0.5524066777632599"
"senator's","senat","1","1000","0.001","-0.454634431902098","0.343076773215483"
"seminar","seminar","1","1000","0.001","-0.41713954589653","-0.35136206379667256"
"self-rule","self-rul","1","1000","0.001","",""
"seizes","seiz","1","1000","0.001","-0.413686150646667","-0.6222625758013534"
"seeks","seek","1","1000","0.001","-0.4904341744208023","-0.659938413507673"
"sects","sect","1","1000","0.001","-0.06750220293769112","1.3305640249552462"
"secessionist","secessionist","1","1000","0.001","-0.2670608868252306","1.4701337846429385"
"sealed","seal","1","1000","0.001","-0.4810382944744553","-0.6521018223083674"
"scrum","scrum","1","1000","0.001","-0.22287613406160187","-0.10374815853098107"
"scores","score","1","1000","0.001","-0.41174345367999454","-0.43917726317310235"
"schoolchildren","schoolchildren","1","1000","0.001","-0.445832022276902","0.11215609751905091"
"school's","school","1","1000","0.001","-0.5454023824067658","0.03654766827220001"
"schmatte","schmatt","1","1000","0.001","",""
"scenarios","scenario","1","1000","0.001","-0.6353477725390666","-0.17015815407856497"
"scarf","scarf","1","1000","0.001","-0.0959673959252123","-0.01774185306583102"
"savagery","savageri","1","1000","0.001","-0.5455637128692806","0.9392507227839634"
"saudi-owned","saudi-own","1","1000","0.001","",""
"sarcastically","sarcast","1","1000","0.001","-0.21158675509523422","-0.28507534539261986"
"sarbanes","sarban","1","1000","0.001","",""
"sarah","sarah","1","1000","0.001","1.9950981871011748","-0.5444058941941924"
"santorum","santorum","1","1000","0.001","0.3840468897982146","-0.11881775260794593"
"sanctuaries","sanctuari","1","1000","0.001","-0.350955390440112","0.5995316610612433"
"salvation","salvat","1","1000","0.001","-0.20901563961822509","-0.034715087490729275"
"salvador","salvador","1","1000","0.001","",""
"salma","salma","1","1000","0.001","",""
"salafist","salafist","1","1000","0.001","-0.12241184633816868","0.5575062846790031"
"salafi","salafi","1","1000","0.001","0.08777571871828573","0.7148103133089809"
"saint-domingue","saint-domingu","1","1000","0.001","",""
"saddam","saddam","1","1000","0.001","0.9344741593585547","0.6796109382803234"
"sadly","sad","1","1000","0.001","-0.05683231234145699","-0.3306777675348781"
"sacrificed","sacrif","1","1000","0.001","-0.3638340419100659","-0.19129751795778438"
"ryan","ryan","1","1000","0.001","2.285700441260291","-0.637318690463331"
"russian","russian","1","1000","0.001","2.1288673450144784","-0.1917361147637671"
"russia","russia","1","1000","0.001","2.1412220893090366","0.21396415513100672"
"rumors","rumor","1","1000","0.001","-0.29048948092918025","-0.3001130673579145"
"ruinous","ruinous","1","1000","0.001","-0.32970683188633754","0.10035885091436751"
"rufaa","rufaa","1","1000","0.001","",""
"royal","royal","1","1000","0.001","-0.009671560340585441","0.05640387880729923"
"ross","ross","1","1000","0.001","1.7122819888337126","-0.6785525187200472"
"romney","romney","1","1000","0.001","0.82713440561791","-0.2842839051535121"
"romans","roman","1","1000","0.001","0.9348160543714542","-0.10299027857901003"
"roger","roger","1","1000","0.001","1.6111089561614573","-0.7031996922046339"
"roe","roe","1","1000","0.001","0.6083643760558332","-0.5453336186386616"
"rodham","rodham","1","1000","0.001","",""
"ripert","ripert","1","1000","0.001","",""
"riot","riot","1","1000","0.001","-0.23385721068276696","0.6355884148015981"
"ringing","ring","1","1000","0.001","-0.40563015250430806","-0.630551242519303"
"rigorous","rigor","1","1000","0.001","-0.7645676985827358","-0.45698622952388984"
"rightly","right","1","1000","0.001","-0.38946102253272386","-0.22168268252799928"
"rick","rick","1","1000","0.001","1.3496639807501039","-0.6064174749662844"
"richard","richard","1","1000","0.001","2.187806173842008","-0.6662319845389567"
"revolutionaries","revolutionari","1","1000","0.001","-0.10618906692982755","1.2071056201727968"
"revisions","revis","1","1000","0.001","-0.5320916987233628","-0.28791599335866025"
"revered","rever","1","1000","0.001","-0.4358121249095854","-0.2501560779501491"
"reuters","reuter","1","1000","0.001","1.223583355438833","-0.2141772579186514"
"restored","restor","1","1000","0.001","-0.47867441564947416","-0.6090173051136356"
"restart","restart","1","1000","0.001","-0.4743970145813438","-0.4239936790789429"
"respected","respect","1","1000","0.001","-0.45794155196526337","-0.4725492543641948"
"resorting","resort","1","1000","0.001","-0.4196963481741302","-0.1116117017039807"
"resilient","resili","1","1000","0.001","-0.6861464223040078","-0.5784796806003206"
"reservoir","reservoir","1","1000","0.001","-0.36753893331424814","-0.25758477942730124"
"requests","request","1","1000","0.001","-0.5421294228309815","-0.4016691644251408"
"repudiate","repudi","1","1000","0.001","-0.42484217604984126","0.463183760134297"
"repression","repress","1","1000","0.001","-0.3608861581703555","1.4538490434863411"
"replicated","replic","1","1000","0.001","-0.6210690295170709","-0.5508136119758099"
"repairing","repair","1","1000","0.001","-0.5558594250089846","-0.39337872943962177"
"reminds","remind","1","1000","0.001","-0.30095658885533055","-0.7456021934135469"
"religion's","religion","1","1000","0.001","-0.08952795279887464","0.9515986285773378"
"relied","reli","1","1000","0.001","-0.7641657393127722","-0.8252157113118255"
"reinvigorating","reinvigor","1","1000","0.001","-0.8852965893537663","-0.528987846688168"
"reign","reign","1","1000","0.001","-0.4229809474532616","-0.0683369636389334"
"regime-threatening","regime-threaten","1","1000","0.001","",""
"regimes","regim","1","1000","0.001","-0.15347591943013153","0.8319511162796662"
"refugee","refuge","1","1000","0.001","-0.27879163122333944","0.6543561690767882"
"refuelling","refuel","1","1000","0.001","",""
"reflexively","reflex","1","1000","0.001","-0.310662370445832","0.010277822137407308"
"referendum","referendum","1","1000","0.001","-0.43090562477699756","0.5972057019824857"
"reed","reed","1","1000","0.001","0.48752401823954855","-0.47558991927853284"
"reduces","reduc","1","1000","0.001","-0.23090835447223387","-0.855811707913679"
"red-and-green","red-and-green","1","1000","0.001","",""
"recurrent","recurr","1","1000","0.001","-0.3353610230221037","-0.08590592723158086"
"recruiting","recruit","1","1000","0.001","-0.5055770751665528","-0.07928567532304588"
"reconsideration","reconsider","1","1000","0.001","-0.6124494655214248","-0.17204385247640291"
"recklessness","reckless","1","1000","0.001","-0.6875911996444892","0.2169428499093796"
"rebels","rebel","1","1000","0.001","-0.3622611265866979","1.7988168420721957"
"realm","realm","1","1000","0.001","-0.29935170387005827","-0.3768204975302835"
"readiness","readi","1","1000","0.001","-0.4922787280540641","-0.11572180600541913"
"re-look","re-look","1","1000","0.001","-0.20459294204507908","-0.2574312413041085"
"raze","raze","1","1000","0.001","-0.686611848171561","0.11950757629910422"
"ravaging","ravag","1","1000","0.001","-0.2995598369411426","-0.025815857438016555"
"rationale","rational","1","1000","0.001","-0.4181477523219312","-0.23838369519005223"
"rationalized","ration","1","1000","0.001","-0.2380270666992992","-0.20235671180815115"
"rapp","rapp","1","1000","0.001","",""
"ranged","rang","1","1000","0.001","-0.42321850516494164","-0.7071695389672567"
"randomly","random","1","1000","0.001","-0.1459067166541609","-0.2453350242869216"
"rampant","rampant","1","1000","0.001","-0.38838376734959124","-0.20973652947773644"
"rally","ralli","1","1000","0.001","-0.5657627677574492","-0.008933692727410207"
"raila","raila","1","1000","0.001","",""
"rafarrin","rafarrin","1","1000","0.001","",""
"racked","rack","1","1000","0.001","-0.6708415850089476","-0.78543761963199"
"racist","racist","1","1000","0.001","0.05021551061330312","0.6207933230925666"
"rabbi","rabbi","1","1000","0.001","-0.1568594047014808","0.3756707139750076"
"quit","quit","1","1000","0.001","-0.3459385119463532","-0.4204332272736383"
"quest","quest","1","1000","0.001","-0.43891472996980396","-0.503869362220477"
"quandary","quandari","1","1000","0.001","-0.7396713998065697","-0.43812485318883015"
"qatari","qatari","1","1000","0.001","",""
"qana","qana","1","1000","0.001","",""
"qaida","qaida","1","1000","0.001","",""
"pushing","push","1","1000","0.001","-0.489811929108287","-0.5846477394443297"
"pursuing","pursu","1","1000","0.001","-0.7295196381867199","-0.46648705123824996"
"puppet-server","puppet-serv","1","1000","0.001","",""
"punishments","punish","1","1000","0.001","-0.5875838783722778","0.5011260160734099"
"pundit","pundit","1","1000","0.001","0.0328882717646139","-0.24858740398904394"
"public's","public","1","1000","0.001","-0.003853871763360958","0.36991000638779764"
"pub","pub","1","1000","0.001","-0.09206509734984945","-0.3053145999177861"
"provocation","provoc","1","1000","0.001","-0.5807365897079635","0.8375830773422434"
"province","provinc","1","1000","0.001","-0.25013822691094484","0.1738189776571751"
"proven","proven","1","1000","0.001","-0.5291048702557261","-0.7215594733382541"
"protégé","protégé","1","1000","0.001","-0.4761143220120267","-0.34925039163110133"
"prosperous","prosper","1","1000","0.001","-0.3549752245796263","0.22270810810839398"
"pronounces","pronounc","1","1000","0.001","0.5426552762959127","-0.7233326237880341"
"proliferation","prolifer","1","1000","0.001","-0.2551700208421896","0.10801948111271206"
"proletarian-workers","proletarian-work","1","1000","0.001","",""
"proclamation","proclam","1","1000","0.001","-0.4398341575526219","-0.08790929109624208"
"proactive","proactiv","1","1000","0.001","-0.7480701552953143","-0.4368255262532386"
"pro-independence","pro-independ","1","1000","0.001","",""
"pro-democracy","pro-democraci","1","1000","0.001","-0.36129692130831786","0.6912079241399188"
"prisons","prison","1","1000","0.001","-0.35993644057722207","0.6977979427696195"
"priority","prioriti","1","1000","0.001","-0.7146293925228052","-0.5448434544314247"
"prevents","prevent","1","1000","0.001","-0.20618436964097803","-0.7221367821827486"
"prevail","prevail","1","1000","0.001","-0.6555569140207927","-0.2999170186746913"
"presumptive","presumpt","1","1000","0.001","-0.4235424327980131","-0.5233385399124637"
"pressured","pressur","1","1000","0.001","-0.7309607883769859","-0.5399853811310682"
"presidential","presidenti","1","1000","0.001","-0.26420177743837986","0.4084679156042145"
"presidents","presid","1","1000","0.001","-0.35802827010442606","0.2936046351277011"
"preserving","preserv","1","1000","0.001","-0.7040389510089785","-0.4976911700483222"
"present-day","present-day","1","1000","0.001","",""
"preparations","prepar","1","1000","0.001","-0.5467796967958758","-0.2699185105500554"
"premise","premis","1","1000","0.001","-0.35668027648317796","-0.2875029641938636"
"precipitate","precipit","1","1000","0.001","-0.2989411851274293","-0.007425423341159139"
"precedents","preced","1","1000","0.001","-0.6817535327263378","0.15783897766237584"
"preaching","preach","1","1000","0.001","-0.40156084191283675","0.004416800354955373"
"prague","pragu","1","1000","0.001","0.5072196460781503","-0.31237336119130443"
"pours","pour","1","1000","0.001","-0.2551641401340342","-1.0021128644793476"
"potentially","potenti","1","1000","0.001","-0.543020489273143","-0.5792287707483915"
"postwar","postwar","1","1000","0.001","-0.47398838612572347","0.5110204336041263"
"post-world","post-world","1","1000","0.001","",""
"post-war","post-war","1","1000","0.001","-0.47398838612572347","0.5110204336041263"
"post-soviet","post-soviet","1","1000","0.001","",""
"post-presidential","post-presidenti","1","1000","0.001","",""
"postings","post","1","1000","0.001","-0.2932617368188146","0.06780703649975742"
"possess","possess","1","1000","0.001","-0.33682377618789244","-0.5274441031233472"
"posed","pose","1","1000","0.001","-0.6283769665409009","-0.5180260130125743"
"portugal","portug","1","1000","0.001","1.3070070363030812","-0.35260892823644413"
"porching","porch","1","1000","0.001","",""
"poo","poo","1","1000","0.001","0.9391530805614057","-0.5526013833248135"
"poll","poll","1","1000","0.001","-0.5394412502441429","-0.030075500271808067"
"polaris","polari","1","1000","0.001","0.50543630987883","-0.5766050444992945"
"polarized","polar","1","1000","0.001","-0.46973149279119186","0.07062295569410391"
"poland","poland","1","1000","0.001","1.2425733301779467","-0.22273639739758347"
"poised","pois","1","1000","0.001","-0.7268231299071282","-0.7864713388680237"
"pockmarked","pockmark","1","1000","0.001","-0.49705853711911785","-0.368505601936733"
"plo","plo","1","1000","0.001","0.3456765908338921","-0.12975287454766996"
"player's","player","1","1000","0.001","-0.4379869744936928","-0.328779852104019"
"plato","plato","1","1000","0.001","0.7453474165169686","-0.3377115938268899"
"planted","plant","1","1000","0.001","-0.4888960434507174","-0.24698536645641944"
"pigheaded","pighead","1","1000","0.001","-0.1504739417162716","-0.32352248841188763"
"phu","phu","1","1000","0.001","0.4143529168577824","-0.1917369396065594"
"phrases","phrase","1","1000","0.001","-0.034799898348643846","-0.07670431117989562"
"photo","photo","1","1000","0.001","-0.14876777060464863","-0.4657088497294001"
"phones","phone","1","1000","0.001","-0.3652697120635299","-0.04903733486670133"
"philippines","philippin","1","1000","0.001","1.6786071314549118","-0.10789568981306809"
"pharmaceutical","pharmaceut","1","1000","0.001","-0.27817593520171535","-0.1907864449972451"
"personalizing","person","1","1000","0.001","-0.16623337388491502","-0.36082769658531494"
"persists","persist","1","1000","0.001","-0.3238839734672602","-0.371675809728046"
"perpetuated","perpetu","1","1000","0.001","-0.2802225691600148","-0.10881333934084582"
"perpetrators","perpetr","1","1000","0.001","-0.35725718058940137","1.0949109327893296"
"periphery","peripheri","1","1000","0.001","-0.1919598762823864","-0.14059071426407155"
"perfidy","perfidi","1","1000","0.001","-0.2625877772359956","0.5309050227978714"
"perceptions","percept","1","1000","0.001","-0.7263458999890244","-0.16188836428977413"
"pen","pen","1","1000","0.001","0.010318117465416075","-0.5495437751013922"
"pawlenty","pawlenti","1","1000","0.001","",""
"pattiz","pattiz","1","1000","0.001","",""
"patents","patent","1","1000","0.001","-0.17918405865669834","-0.2435169445659747"
"passive","passiv","1","1000","0.001","-0.38288021370291636","-0.2750054874017922"
"pascual","pascual","1","1000","0.001","",""
"partners","partner","1","1000","0.001","-0.5388069286464849","-0.4150244867552865"
"parliament","parliament","1","1000","0.001","-0.12208374118065649","0.9217747152769808"
"paris","pari","1","1000","0.001","1.885508516914987","-0.4234204289639066"
"parentage","parentag","1","1000","0.001","-0.19592146610215563","-0.23574391665195094"
"pardon","pardon","1","1000","0.001","-0.2723780025398494","0.47769415148013666"
"papua","papua","1","1000","0.001","",""
"panthers","panther","1","1000","0.001","0.20219009677237293","0.13689701456913542"
"pamphlets","pamphlet","1","1000","0.001","-0.4036123484078736","0.2026081678897726"
"palin","palin","1","1000","0.001","2.001202999071681","0.17551848058223543"
"palestinian-israeli","palestinian-isra","1","1000","0.001","",""
"palatable","palat","1","1000","0.001","-0.505169409959586","-0.49372023731797376"
"pakistani","pakistani","1","1000","0.001","1.491879450026817","0.40949522199726196"
"overview","overview","1","1000","0.001","-0.31194274184209275","-0.6624948359860945"
"overturn","overturn","1","1000","0.001","-0.5668462431142807","-0.4326103803404188"
"overseeing","overse","1","1000","0.001","-0.8262062568375377","-0.596497634842623"
"oversaw","oversaw","1","1000","0.001","-0.8587169875590963","-0.6768549126096328"
"overlapping","overlap","1","1000","0.001","-0.4459524112578177","-0.43858179397221553"
"overemphasized","overemphas","1","1000","0.001","-0.4430018495754887","-0.40728401697841876"
"outlets","outlet","1","1000","0.001","-0.3433513326587473","-0.1294632433486885"
"ottoman","ottoman","1","1000","0.001","0.07724715232201503","-0.23459570987641157"
"osman","osman","1","1000","0.001","",""
"osama","osama","1","1000","0.001","1.4430062849376524","0.33502196034515463"
"orgy","orgi","1","1000","0.001","0.006600335438987076","0.0691947275336172"
"ordinary","ordinari","1","1000","0.001","-0.25800639021572525","-0.17154052014110063"
"opting","opt","1","1000","0.001","-0.36929618097242073","-0.6945486758150459"
"operatives","oper","1","1000","0.001","-0.43651827753337286","0.5589353287288753"
"op-ed","op-","1","1000","0.001","0.12531891971333262","-0.13290312677910462"
"onstage","onstag","1","1000","0.001","-0.3846607802872442","-0.30649497267433823"
"ommission","ommiss","1","1000","0.001","-0.01395739926407259","-0.4092566776871023"
"omdurman","omdurman","1","1000","0.001","",""
"oily","oili","1","1000","0.001","0.01404292592389294","-0.30538604371375744"
"ohio","ohio","1","1000","0.001","2.106788888235154","-0.8648256677596543"
"odinga","odinga","1","1000","0.001","",""
"nuclear","nuclear","1","1000","0.001","-0.17341109064161642","0.7081564584768094"
"norman","norman","1","1000","0.001","1.2256329931908507","-0.45899786103138224"
"nonbelievers","nonbeliev","1","1000","0.001","-0.3516280179825834","0.6999234983203252"
"non-violent","non-viol","1","1000","0.001","-0.6260952424320073","0.8835722544100756"
"non-blacks","non-black","1","1000","0.001","-0.20714489398791402","-0.0799041842079933"
"nomination","nomin","1","1000","0.001","-0.6630605212942025","-0.029406798537004224"
"nom","nom","1","1000","0.001","0.7241564359345627","-0.6771766520351473"
"noisy","noisi","1","1000","0.001","-0.4147617706476303","-0.4266068479613764"
"nineteen-thirties","nineteen-thirti","1","1000","0.001","",""
"nineteen-seventies","nineteen-seventi","1","1000","0.001","",""
"nineteen-fifties","nineteen-fifti","1","1000","0.001","",""
"nigeria","nigeria","1","1000","0.001","2.5390628513408413","0.3734757913889031"
"nicaragua","nicaragua","1","1000","0.001","",""
"ngos","ngos","1","1000","0.001","0.22187566348714488","0.33612320705156745"
"newt","newt","1","1000","0.001","0.6929339161859398","-0.061338093539839045"
"newsworthy","newsworthi","1","1000","0.001","-0.24528139052273734","-0.2204986674822918"
"newsroom","newsroom","1","1000","0.001","-0.14336131121581047","-0.016966832707880027"
"networks","network","1","1000","0.001","-0.3695693121362285","-0.03263799538377788"
"neoconservative","neoconserv","1","1000","0.001","-0.03692479607981251","0.9526753642090179"
"neo-liberalism","neo-liber","1","1000","0.001","0.05679828494718903","1.0591914077786984"
"neil","neil","1","1000","0.001","1.4719582114847236","-0.4847946068336989"
"neighborhoods","neighborhood","1","1000","0.001","-0.5373516186420866","0.19051236045121156"
"negationism","negation","1","1000","0.001","",""
"negativity","negat","1","1000","0.001","-0.33955366433756545","-0.09141456535346214"
"nectar","nectar","1","1000","0.001","0.0794410525739339","-0.32988843541834323"
"neatly","neat","1","1000","0.001","-0.24918979659455376","-0.26759138040346636"
"nazism","nazism","1","1000","0.001","0.6041194650208855","0.6283091748719164"
"nausem","nausem","1","1000","0.001","",""
"nato","nato","1","1000","0.001","1.3224033181544654","0.5961610645810541"
"nationale","national","1","1000","0.001","0.7084562644101176","0.04576729296241819"
"n'djamena","n'djamena","1","1000","0.001","",""
"mystical","mystic","1","1000","0.001","-0.24931079721534677","-0.029306519367686867"
"myanmar","myanmar","1","1000","0.001","0.4394199232466487","-0.06712469318857085"
"muslim-on-muslim","muslim-on-muslim","1","1000","0.001","",""
"multiparty","multiparti","1","1000","0.001","-0.1253363557425494","0.9940002314226916"
"multinational","multin","1","1000","0.001","-0.33146545201544453","0.16934135016498178"
"muhammad","muhammad","1","1000","0.001","0.6558484396769424","0.019151251050265498"
"moto","moto","1","1000","0.001","0.4525961723919938","-0.1646501475013277"
"mossad's","mossad","1","1000","0.001","",""
"mosquito","mosquito","1","1000","0.001","-0.2868720096473564","-0.18356541512805044"
"moscow","moscow","1","1000","0.001","1.0695788807164643","-0.13056840047090223"
"moroccan-controlled","moroccan-control","1","1000","0.001","",""
"moroccan","moroccan","1","1000","0.001","0.5871474380565108","-0.014021464566645804"
"morgue","morgu","1","1000","0.001","-0.6915583298769222","0.30582633207691584"
"morely","more","1","1000","0.001","",""
"monstrous","monstrous","1","1000","0.001","-0.2364748706641514","-0.16069683362571857"
"monica","monica","1","1000","0.001","1.293098886729832","-0.5074331367765466"
"monarchy","monarchi","1","1000","0.001","-0.030809294818610423","1.3148658123087302"
"monarch","monarch","1","1000","0.001","-0.09946981918284431","0.5573572820375328"
"mitt","mitt","1","1000","0.001","0.012881994172997803","-0.45095379758896126"
"missions","mission","1","1000","0.001","-0.38335734058490634","0.2905354711543846"
"missile's","missil","1","1000","0.001","-0.3148265963535071","0.8406168619679217"
"misgovernance","misgovern","1","1000","0.001","-0.11911819890871633","0.8057819422999645"
"misery","miseri","1","1000","0.001","-0.3408686922712478","0.04300177491342105"
"militias","militia","1","1000","0.001","-0.24084185483423584","2.098225560980915"
"militaristic","militarist","1","1000","0.001","-0.2134681471764167","0.7743509127244729"
"military's","militari","1","1000","0.001","-0.3231771369094981","0.2991534601340652"
"mike","mike","1","1000","0.001","0.3976766123851185","-0.4112400191613328"
"midwesterner","midwestern","1","1000","0.001","-0.23747429592789085","-0.42476012616878633"
"microsoft","microsoft","1","1000","0.001","2.4731050798850758","-0.3834388235127555"
"microcosm","microcosm","1","1000","0.001","-0.832662345173809","-0.46195373729256795"
"mes","mes","1","1000","0.001","1.3003002054056094","-0.5621537935211547"
"merika","merika","1","1000","0.001","",""
"memorial","memori","1","1000","0.001","-0.5098915040571492","0.008536158861322678"
"mem","mem","1","1000","0.001","1.014631064731177","-0.5718389950209177"
"medieval","mediev","1","1000","0.001","0.08953548581216657","0.11933771426479435"
"mediating","mediat","1","1000","0.001","-0.6126588838774583","0.10859687501702546"
"median","median","1","1000","0.001","-0.4303319931514641","-0.361546205320731"
"media-ticaly","media-ticali","1","1000","0.001","",""
"meddlesome","meddlesom","1","1000","0.001","-0.3438838972381832","-0.1038282904343578"
"mazen","mazen","1","1000","0.001","",""
"mayor","mayor","1","1000","0.001","-0.43656462599098034","0.02171482550976455"
"mayhem","mayhem","1","1000","0.001","-0.44552726849124724","0.3931292254989554"
"materiel","materiel","1","1000","0.001","-0.03366938638882685","0.7044532067921846"
"massacres","massacr","1","1000","0.001","-0.01995401700639828","1.5766353776849875"
"marxist","marxist","1","1000","0.001","1.2087299453486804","0.6915099167976116"
"marc","marc","1","1000","0.001","1.436634572575433","-0.45301721252080124"
"maqdisi","maqdisi","1","1000","0.001","",""
"mansoor","mansoor","1","1000","0.001","",""
"manhunt","manhunt","1","1000","0.001","-0.9603090637840199","0.7451480934241415"
"mandated","mandat","1","1000","0.001","-0.42163191109739434","-0.4067669381775871"
"managerial","manageri","1","1000","0.001","-0.4157269931617023","-0.4354898829017778"
"malnutrition","malnutrit","1","1000","0.001","-0.3596439113870077","0.8806909385028386"
"mahmoud","mahmoud","1","1000","0.001","",""
"mafia","mafia","1","1000","0.001","-0.0027135162968799976","0.7378239068137483"
"madiba","madiba","1","1000","0.001","",""
"madame","madam","1","1000","0.001","0.9002528639897553","-0.15832768126825703"
"machel","machel","1","1000","0.001","",""
"lugar","lugar","1","1000","0.001","1.158198747612695","-0.1311019913216976"
"loved","love","1","1000","0.001","-0.2996653663867183","-0.511874612576937"
"loses","lose","1","1000","0.001","-0.3669216190035961","-1.012635326807459"
"longstanding","longstand","1","1000","0.001","-0.7160313185297402","-0.5415140480686734"
"long-time","long-tim","1","1000","0.001","-0.8557863458491907","-0.6682144173398282"
"long-lasting","long-last","1","1000","0.001","-0.17439929252761546","-0.2998353645384191"
"long-festering","long-fest","1","1000","0.001","",""
"longs","long","1","1000","0.001","0.008642115440762254","-0.25800677870459454"
"loi","loi","1","1000","0.001","0.8337868670414633","-0.21531619036071598"
"logging","log","1","1000","0.001","-0.1420032377771105","-0.3626855272794138"
"locals","local","1","1000","0.001","-0.24017946465294057","-0.03202580830617398"
"lobbied","lobbi","1","1000","0.001","-0.9393954393326908","-0.75445994261493"
"literal","liter","1","1000","0.001","-0.1806495097851432","-0.35912978384676536"
"litany","litani","1","1000","0.001","-0.6167221942645206","-0.22932941805031415"
"light-skinned","light-skin","1","1000","0.001","",""
"lick","lick","1","1000","0.001","0.027300079036230027","-0.7145083424527593"
"libération","libérat","1","1000","0.001","-0.07640535189661343","-0.26450306041592103"
"liaison","liaison","1","1000","0.001","-0.7811552152814211","-0.43806712586165353"
"lewinsky","lewinski","1","1000","0.001","",""
"levelled","level","1","1000","0.001","",""
"lessons","lesson","1","1000","0.001","-0.5639950142032828","-0.2677462745158351"
"lens","len","1","1000","0.001","-0.06493180411700986","-0.3038100952748482"
"legitimacy","legitimaci","1","1000","0.001","-0.3791151534187461","0.5481844871070003"
"legitimate","legitim","1","1000","0.001","-0.478308553137659","-0.16118820780688434"
"legion","legion","1","1000","0.001","-0.2551286211006152","-0.2935734476930098"
"legacy","legaci","1","1000","0.001","-0.5916261751826571","-0.34419314741905066"
"league","leagu","1","1000","0.001","-0.36613768779066025","-0.2919550737459289"
"le","le","1","1000","0.001","1.283316993677455","-0.8788548286508808"
"lawlessness","lawless","1","1000","0.001","-0.4991098078411859","1.4872701732801126"
"law-and-order","law-and-ord","1","1000","0.001","",""
"law's","law","1","1000","0.001","-0.1842318352531455","0.21086225874324477"
"lasted","last","1","1000","0.001","-0.5932945477302992","-0.4352911934368079"
"lartéguy's","lartéguy","1","1000","0.001","",""
"lanka","lanka","1","1000","0.001","0.7278834711124337","0.26329278638468007"
"landed","land","1","1000","0.001","-0.4399885577257436","-0.849569982631845"
"lamented","lament","1","1000","0.001","-0.5262894656473946","-0.4430286904527613"
"kémi","kémi","1","1000","0.001","",""
"kungliga","kungliga","1","1000","0.001","",""
"kotkin","kotkin","1","1000","0.001","",""
"kosovo","kosovo","1","1000","0.001","1.0960576214565307","0.21709832711249202"
"korean","korean","1","1000","0.001","1.744103532960735","-0.04339772603571506"
"korea","korea","1","1000","0.001","1.7314051220353064","-0.07901945075776479"
"kinsley","kinsley","1","1000","0.001","",""
"killers","killer","1","1000","0.001","-0.26924481267265093","0.6176853423855078"
"kharoubi","kharoubi","1","1000","0.001","",""
"khalid","khalid","1","1000","0.001","0.4945933966284285","-0.043204917979913764"
"kerry","kerri","1","1000","0.001","1.5655393453451465","-0.3268233504245419"
"kennedy's","kennedi","1","1000","0.001","0.49453440561481055","-0.23000421733650994"
